customer_id,name,phone,tenure_months,complaints,support_calls,login_frequency,monthly_expenditure,plan_type,join_date,churn,churn_score
1,"Rahul Sharma",9800000001,6,5,6,3,15000.00,Standard,2026-03-07,1,91.00
2,"Priya Verma",9800000002,18,2,2,12,28000.00,Premium,2025-03-07,1,54.00
3,"Ananya Iyer",9800000003,42,0,0,28,48000.00,Platinum,2023-03-07,0,8.00
4,"Vikram Singh",9800000004,3,6,8,2,12000.00,Basic,2026-06-07,1,95.00
5,"Neha Kapoor",9800000005,24,1,1,20,35000.00,Premium,2024-09-07,0,38.00
6,"Arjun Mehta",9800000006,9,4,5,4,18000.00,Standard,2025-12-07,1,83.00
7,"Sneha Reddy",9800000007,36,0,1,25,42000.00,Platinum,2023-09-07,0,6.00
8,"Karan Malhotra",9800000008,4,5,7,2,10000.00,Basic,2026-05-07,1,93.00
9,"Divya Nair",9800000009,15,3,3,10,25000.00,Standard,2025-06-07,0,48.00
10,"Rohan Gupta",9800000010,30,0,0,22,40000.00,Premium,2024-03-07,0,10.00
11,"Ishita Joshi",9800000011,2,4,5,1,8000.00,Basic,2026-07-07,1,97.00
12,"Aditya Kumar",9800000012,48,0,0,27,50000.00,Platinum,2022-09-07,0,4.00
13,"Pooja Desai",9800000013,12,3,4,8,20000.00,Standard,2025-09-07,0,45.00
14,"Manish Tiwari",9800000014,7,5,6,3,14000.00,Basic,2026-02-07,1,88.00
15,"Kavya Rao",9800000015,20,1,2,15,30000.00,Premium,2024-12-07,0,33.00
16,"Siddharth Jain",9800000016,5,6,7,2,11000.00,Basic,2026-04-07,1,90.00
17,"Meera Pillai",9800000017,33,0,1,24,45000.00,Platinum,2023-12-07,0,9.00
18,"Aryan Chopra",9800000018,10,4,5,5,16000.00,Standard,2025-11-07,1,80.00
19,"Tanya Bhatt",9800000019,27,1,1,18,32000.00,Premium,2024-06-07,0,30.00
20,"Yash Agarwal",9800000020,1,5,6,1,9000.00,Basic,2026-08-07,1,96.00
21,"Rachana Malhotra",9800000021,40,2,2,22,40400.00,Platinum,2023-05-07,0,1.00
22,"Kavya Sethi",9800000022,42,1,1,26,41900.00,Platinum,2023-03-07,0,1.00
23,"Yash Tiwari",9800000023,46,1,3,22,51100.00,Platinum,2022-11-07,0,1.00
24,"Vidya Bhandari",9800000024,41,2,2,20,45400.00,Platinum,2023-04-07,0,11.66
25,"Anand Bose",9800000025,37,1,2,18,37300.00,Premium,2023-08-07,0,9.11
26,"Anjali Patel",9800000026,8,6,8,4,12600.00,Basic,2026-01-07,1,99.00
27,"Rudra Pillai",9800000027,36,2,3,19,52000.00,Platinum,2023-09-07,0,14.91
28,"Rekha Singh",9800000028,38,1,2,23,50300.00,Platinum,2023-07-07,0,1.00
29,"Anjali Bansal",9800000029,11,3,5,9,16900.00,Standard,2025-10-07,1,60.56
30,"Kavya Reddy",9800000030,11,5,7,8,12200.00,Basic,2025-10-07,1,82.81
31,"Vivek Agarwal",9800000031,36,2,4,20,29300.00,Premium,2023-09-07,0,15.10
32,"Vikram Pillai",9800000032,33,2,4,18,32400.00,Premium,2023-12-07,0,21.46
33,"Vijay Rao",9800000033,1,5,5,3,8500.00,Basic,2026-08-07,1,89.31
34,"Rajesh Bansal",9800000034,40,2,2,19,47900.00,Platinum,2023-05-07,0,8.65
35,"Pari Rawat",9800000035,44,1,1,22,42300.00,Platinum,2023-01-07,0,1.00
36,"Manish Chopra",9800000036,13,4,6,9,13900.00,Basic,2025-08-07,1,75.48
37,"Vikram Das",9800000037,21,4,5,15,22600.00,Standard,2024-12-07,0,47.07
38,"Komal Khanna",9800000038,8,5,5,8,8400.00,Basic,2026-01-07,1,79.01
39,"Priya Joshi",9800000039,25,4,6,13,33900.00,Premium,2024-08-07,1,57.48
40,"Nikita Arora",9800000040,15,4,4,10,17300.00,Standard,2025-06-07,1,58.54
41,"Vivaan Deshmukh",9800000041,9,4,5,7,14200.00,Basic,2025-12-07,1,71.48
42,"Anika Bansal",9800000042,1,6,6,0,14200.00,Basic,2026-08-07,1,99.00
43,"Ramesh Bhatt",9800000043,11,4,4,5,18700.00,Standard,2025-10-07,1,71.47
44,"Abhishek Goel",9800000044,28,3,3,12,36800.00,Premium,2024-05-07,0,46.25
45,"Arjun Chatterjee",9800000045,14,5,5,8,9500.00,Basic,2025-07-07,1,72.89
46,"Tarun Goel",9800000046,10,4,4,8,17700.00,Standard,2025-11-07,1,72.47
47,"Ramesh Joshi",9800000047,7,5,5,2,12600.00,Basic,2026-02-07,1,91.53
48,"Krishna Goel",9800000048,28,3,3,18,30600.00,Premium,2024-05-07,0,27.97
49,"Arjun Reddy",9800000049,34,1,3,15,28400.00,Premium,2023-11-07,0,17.33
50,"Neha Pandey",9800000050,19,4,5,13,21300.00,Standard,2025-02-07,1,50.65
51,"Kavya Agarwal",9800000051,23,3,4,15,37000.00,Premium,2024-10-07,0,40.34
52,"Diya Khanna",9800000052,35,2,4,20,37000.00,Premium,2023-10-07,0,19.30
53,"Nikita Mehta",9800000053,37,1,2,17,30000.00,Premium,2023-08-07,0,3.54
54,"Ira Bhandari",9800000054,17,3,5,11,23800.00,Standard,2025-04-07,1,57.98
55,"Charu Sen",9800000055,38,2,2,21,49600.00,Platinum,2023-07-07,0,8.31
56,"Snehal Patel",9800000056,22,4,6,14,19000.00,Standard,2024-11-07,1,57.72
57,"Naveen Goel",9800000057,12,4,5,4,11800.00,Basic,2025-09-07,1,74.86
58,"Devansh Yadav",9800000058,33,1,2,18,35700.00,Premium,2023-12-07,0,13.60
59,"Payal Chawla",9800000059,38,2,4,23,50800.00,Platinum,2023-07-07,0,7.36
60,"Myra Naidu",9800000060,42,0,0,28,46400.00,Platinum,2023-03-07,0,1.00
61,"Simran Mishra",9800000061,32,1,1,19,31400.00,Premium,2024-01-07,0,7.76
62,"Rekha Das",9800000062,13,5,7,2,14700.00,Basic,2025-08-07,1,91.13
63,"Vijay Desai",9800000063,6,6,7,6,13400.00,Basic,2026-03-07,1,92.51
64,"Charu Joshi",9800000064,44,1,1,26,50000.00,Platinum,2023-01-07,0,1.00
65,"Anjali Sethi",9800000065,17,4,4,9,17800.00,Standard,2025-04-07,1,66.64
66,"Pranav Sen",9800000066,17,4,6,9,19100.00,Standard,2025-04-07,1,72.36
67,"Akash Jain",9800000067,25,3,3,11,16800.00,Standard,2024-08-07,0,42.21
68,"Kritika Chopra",9800000068,13,4,4,9,21100.00,Standard,2025-08-07,1,63.74
69,"Atharv Bhatt",9800000069,27,3,4,18,33500.00,Premium,2024-06-07,0,28.57
70,"Ramesh Agarwal",9800000070,22,4,4,10,22100.00,Standard,2024-11-07,1,55.62
71,"Payal Rathi",9800000071,20,3,3,13,20100.00,Standard,2025-01-07,0,44.17
72,"Rachana Saxena",9800000072,26,2,2,13,36600.00,Premium,2024-07-07,0,25.07
73,"Diya Naidu",9800000073,23,3,3,10,22400.00,Standard,2024-10-07,0,49.23
74,"Suresh Goel",9800000074,26,3,5,10,24600.00,Standard,2024-07-07,0,48.09
75,"Vidya Tiwari",9800000075,21,3,5,14,17200.00,Standard,2024-12-07,0,41.83
76,"Praveen Yadav",9800000076,42,1,1,22,47800.00,Platinum,2023-03-07,0,1.00
77,"Ishaan Singh",9800000077,38,0,2,21,44800.00,Platinum,2023-07-07,0,1.00
78,"Ishita Kulkarni",9800000078,23,4,6,11,14200.00,Standard,2024-10-07,1,64.73
79,"Bhavya Iyer",9800000079,17,4,4,9,18500.00,Standard,2025-04-07,1,60.30
80,"Rahul Shah",9800000080,33,1,1,16,31200.00,Premium,2023-12-07,0,15.69
81,"Meera Sharma",9800000081,17,4,6,9,14600.00,Standard,2025-04-07,1,65.65
82,"Praveen Kulkarni",9800000082,44,0,1,23,51900.00,Platinum,2023-01-07,0,1.00
83,"Aryan Dubey",9800000083,18,4,5,9,20100.00,Standard,2025-03-07,1,63.70
84,"Meera Bhatia",9800000084,8,6,8,3,8000.00,Basic,2026-01-07,1,99.00
85,"Yash Kulkarni",9800000085,25,3,3,17,30400.00,Premium,2024-08-07,0,29.05
86,"Sai Patel",9800000086,28,3,3,15,28400.00,Premium,2024-05-07,0,34.23
87,"Abhishek Reddy",9800000087,31,2,3,18,30700.00,Premium,2024-02-07,0,20.43
88,"Swati Mehta",9800000088,12,6,6,6,9600.00,Basic,2025-09-07,1,93.61
89,"Amit Bhatia",9800000089,39,0,1,26,40600.00,Platinum,2023-06-07,0,1.00
90,"Tarun Chatterjee",9800000090,21,2,4,15,20800.00,Standard,2024-12-07,0,29.54
91,"Rudra Rao",9800000091,36,1,2,22,37900.00,Premium,2023-09-07,0,1.00
92,"Manisha Pillai",9800000092,11,4,6,5,14800.00,Basic,2025-10-07,1,82.05
93,"Vivaan Chawla",9800000093,22,4,4,11,17900.00,Standard,2024-11-07,1,57.54
94,"Ashok Pandey",9800000094,19,4,4,11,18800.00,Standard,2025-02-07,1,57.90
95,"Dhruv Mehta",9800000095,34,2,3,21,30600.00,Premium,2023-11-07,0,14.60
96,"Gaurav Bhatia",9800000096,14,4,6,8,14900.00,Basic,2025-07-07,1,77.51
97,"Vivek Mehta",9800000097,29,3,4,13,30300.00,Premium,2024-04-07,0,35.95
98,"Akash Bhandari",9800000098,39,1,1,20,40400.00,Platinum,2023-06-07,0,4.30
99,"Advik Jain",9800000099,32,2,2,20,34500.00,Premium,2024-01-07,0,14.80
100,"Saanvi Chopra",9800000100,44,0,2,22,50800.00,Platinum,2023-01-07,0,1.00
101,"Ananya Chopra",9800000101,38,0,1,19,41500.00,Platinum,2023-07-07,0,1.00
102,"Payal Khanna",9800000102,18,4,4,15,19900.00,Standard,2025-03-07,1,51.28
103,"Nikita Verma",9800000103,38,0,0,25,46300.00,Platinum,2023-07-07,0,1.00
104,"Navya Goel",9800000104,28,3,5,15,32600.00,Premium,2024-05-07,0,45.77
105,"Sara Banerjee",9800000105,36,2,2,15,30800.00,Premium,2023-09-07,0,23.00
106,"Shruti Patel",9800000106,21,4,4,14,21200.00,Standard,2024-12-07,1,52.28
107,"Rajesh Sen",9800000107,21,3,4,11,16800.00,Standard,2024-12-07,1,54.69
108,"Ira Kapoor",9800000108,36,1,1,21,46700.00,Platinum,2023-09-07,0,1.00
109,"Saanvi Bose",9800000109,8,4,5,5,12000.00,Basic,2026-01-07,1,74.75
110,"Suresh Reddy",9800000110,13,4,6,11,23000.00,Standard,2025-08-07,1,66.41
111,"Sneha Verma",9800000111,19,4,4,10,20200.00,Standard,2025-02-07,1,58.16
112,"Vandana Trivedi",9800000112,21,3,5,13,23700.00,Standard,2024-12-07,0,43.32
113,"Reyansh Pandey",9800000113,37,1,3,19,45200.00,Platinum,2023-08-07,0,4.85
114,"Aarohi Rathi",9800000114,2,5,6,1,8800.00,Basic,2026-07-07,1,99.00
115,"Rohan Nair",9800000115,30,2,4,13,28200.00,Premium,2024-03-07,0,39.35
116,"Bhavya Sen",9800000116,16,3,5,11,21600.00,Standard,2025-05-07,1,52.34
117,"Pranav Jain",9800000117,13,4,4,3,12400.00,Basic,2025-08-07,1,78.62
118,"Charu Bose",9800000118,29,2,2,19,35600.00,Premium,2024-04-07,0,16.12
119,"Jyoti Trivedi",9800000119,36,2,4,21,31200.00,Premium,2023-09-07,0,18.65
120,"Krishna Pawar",9800000120,20,3,4,8,18100.00,Standard,2025-01-07,1,54.24
121,"Atharv Bhandari",9800000121,26,2,4,14,17500.00,Standard,2024-07-07,0,33.01
122,"Ayaan Kulkarni",9800000122,34,1,1,20,37900.00,Premium,2023-11-07,0,1.00
123,"Rahul Chatterjee",9800000123,26,3,5,13,31300.00,Premium,2024-07-07,0,46.40
124,"Praveen Pillai",9800000124,32,2,2,21,31100.00,Premium,2024-01-07,0,10.27
125,"Dhruv Sethi",9800000125,20,5,7,12,15000.00,Standard,2025-01-07,1,72.25
126,"Vivek Verma",9800000126,19,3,3,9,17300.00,Standard,2025-02-07,1,55.21
127,"Jyoti Bansal",9800000127,6,5,6,0,9300.00,Basic,2026-03-07,1,99.00
128,"Deepika Kulkarni",9800000128,45,1,2,23,42900.00,Platinum,2022-12-07,0,1.00
129,"Siddharth Chatterjee",9800000129,20,4,5,13,23000.00,Standard,2025-01-07,1,58.42
130,"Ashok Singh",9800000130,25,4,5,10,15800.00,Standard,2024-08-07,1,59.64
131,"Rudra Sen",9800000131,47,0,1,24,42800.00,Platinum,2022-10-07,0,1.00
132,"Suresh Verma",9800000132,32,1,2,21,29400.00,Premium,2024-01-07,0,3.87
133,"Shreya Sharma",9800000133,29,1,1,17,35900.00,Premium,2024-04-07,0,8.54
134,"Ishita Sethi",9800000134,24,2,3,13,32200.00,Premium,2024-09-07,0,35.37
135,"Priya Chatterjee",9800000135,40,1,2,19,44600.00,Platinum,2023-05-07,0,1.88
136,"Tarun Kapoor",9800000136,34,2,2,17,31400.00,Premium,2023-11-07,0,19.01
137,"Kritika Pawar",9800000137,7,5,5,5,14200.00,Basic,2026-02-07,1,83.34
138,"Meera Banerjee",9800000138,24,4,5,11,22800.00,Standard,2024-09-07,1,57.44
139,"Suman Kulkarni",9800000139,27,2,4,17,29800.00,Premium,2024-06-07,0,23.28
140,"Shaurya Patel",9800000140,24,3,3,14,24000.00,Standard,2024-09-07,0,39.38
141,"Naveen Trivedi",9800000141,38,2,2,22,48100.00,Platinum,2023-07-07,0,3.16
142,"Krishna Jain",9800000142,14,5,6,6,22400.00,Standard,2025-07-07,1,84.59
143,"Vivek Banerjee",9800000143,23,3,4,12,16400.00,Standard,2024-10-07,0,47.49
144,"Aarohi Desai",9800000144,35,1,3,23,37900.00,Premium,2023-10-07,0,1.00
145,"Tanya Bansal",9800000145,21,3,4,11,15300.00,Standard,2024-12-07,0,45.66
146,"Sanjay Naidu",9800000146,42,1,1,20,44800.00,Platinum,2023-03-07,0,1.00
147,"Priya Das",9800000147,7,5,7,3,8900.00,Basic,2026-02-07,1,99.00
148,"Rachana Arora",9800000148,29,1,1,17,29600.00,Premium,2024-04-07,0,14.27
149,"Mohit Rathi",9800000149,8,4,5,4,8700.00,Basic,2026-01-07,1,82.29
150,"Vikram Mishra",9800000150,13,5,5,6,21100.00,Standard,2025-08-07,1,81.97
151,"Jyoti Chawla",9800000151,25,4,5,13,36100.00,Premium,2024-08-07,1,51.92
152,"Ishaan Yadav",9800000152,41,1,3,21,51900.00,Platinum,2023-04-07,0,1.00
153,"Dhruv Saxena",9800000153,21,3,3,10,24400.00,Standard,2024-12-07,1,53.02
154,"Vijay Joshi",9800000154,18,4,5,11,17400.00,Standard,2025-03-07,1,54.58
155,"Kavya Deshmukh",9800000155,30,2,4,13,29100.00,Premium,2024-03-07,0,29.91
156,"Komal Chatterjee",9800000156,12,4,4,7,19000.00,Standard,2025-09-07,1,69.60
157,"Anjali Bhandari",9800000157,33,3,3,17,33100.00,Premium,2023-12-07,0,27.65
158,"Arjun Nair",9800000158,22,3,5,9,18300.00,Standard,2024-11-07,1,58.10
159,"Nisha Shah",9800000159,24,2,3,14,24800.00,Standard,2024-09-07,0,32.00
160,"Manisha Trivedi",9800000160,47,1,1,26,48700.00,Platinum,2022-10-07,0,1.00
161,"Rudra Pandey",9800000161,36,1,2,22,44900.00,Platinum,2023-09-07,0,1.00
162,"Vandana Rawat",9800000162,35,2,3,21,32600.00,Premium,2023-10-07,0,10.75
163,"Tarun Pandey",9800000163,21,3,3,10,17300.00,Standard,2024-12-07,1,53.95
164,"Jyoti Bhatt",9800000164,19,5,7,9,15300.00,Standard,2025-02-07,1,79.87
165,"Ananya Bose",9800000165,35,1,2,18,36300.00,Premium,2023-10-07,0,4.80
166,"Kartik Reddy",9800000166,15,5,5,5,17600.00,Standard,2025-06-07,1,82.42
167,"Aarav Khanna",9800000167,22,3,4,12,24000.00,Standard,2024-11-07,0,41.57
168,"Amit Bansal",9800000168,4,6,6,5,10800.00,Basic,2026-05-07,1,96.54
169,"Arjun Sharma",9800000169,29,3,3,18,32700.00,Premium,2024-04-07,0,22.96
170,"Abhishek Joshi",9800000170,15,4,6,10,23900.00,Standard,2025-06-07,1,70.67
171,"Akash Mehta",9800000171,22,3,5,15,14100.00,Standard,2024-11-07,0,44.14
172,"Sanjay Singh",9800000172,14,6,7,7,12500.00,Basic,2025-07-07,1,96.59
173,"Shreya Rao",9800000173,22,3,5,14,22300.00,Standard,2024-11-07,0,48.32
174,"Payal Jain",9800000174,28,2,4,13,36300.00,Premium,2024-05-07,0,39.83
175,"Bhavya Bansal",9800000175,33,2,2,22,32500.00,Premium,2023-12-07,0,1.00
176,"Meera Das",9800000176,26,3,3,15,33800.00,Premium,2024-07-07,0,29.44
177,"Kritika Kapoor",9800000177,36,1,1,22,49200.00,Platinum,2023-09-07,0,1.00
178,"Anand Mukherjee",9800000178,26,4,4,13,17800.00,Standard,2024-07-07,0,45.84
179,"Ananya Rathi",9800000179,46,1,3,24,46400.00,Platinum,2022-11-07,0,1.00
180,"Riya Bose",9800000180,39,1,3,26,50600.00,Platinum,2023-06-07,0,1.00
181,"Krishna Reddy",9800000181,25,2,3,13,30200.00,Premium,2024-08-07,0,37.41
182,"Kartik Menon",9800000182,35,2,3,17,37500.00,Premium,2023-10-07,0,24.51
183,"Vidya Pandey",9800000183,30,2,2,16,29800.00,Premium,2024-03-07,0,21.56
184,"Suresh Agarwal",9800000184,23,3,4,11,21100.00,Standard,2024-10-07,1,53.62
185,"Atharv Bansal",9800000185,13,5,5,8,12100.00,Basic,2025-08-07,1,78.31
186,"Sara Tiwari",9800000186,4,5,7,3,10800.00,Basic,2026-05-07,1,94.27
187,"Charu Bhatt",9800000187,24,3,3,15,21900.00,Standard,2024-09-07,0,38.74
188,"Arnav Chatterjee",9800000188,36,1,3,23,45000.00,Platinum,2023-09-07,0,1.00
189,"Amit Mukherjee",9800000189,23,4,5,16,21100.00,Standard,2024-10-07,0,46.44
190,"Komal Bose",9800000190,35,2,2,19,36400.00,Premium,2023-10-07,0,7.04
191,"Payal Sharma",9800000191,15,4,5,8,21000.00,Standard,2025-06-07,1,73.76
192,"Nikita Naidu",9800000192,45,1,2,21,49800.00,Platinum,2022-12-07,0,1.00
193,"Pranav Reddy",9800000193,26,3,3,14,32100.00,Premium,2024-07-07,0,38.08
194,"Anjali Mehta",9800000194,14,3,3,7,23300.00,Standard,2025-07-07,1,60.04
195,"Simran Reddy",9800000195,8,5,6,1,8500.00,Basic,2026-01-07,1,99.00
196,"Arjun Kumar",9800000196,12,4,5,9,19900.00,Standard,2025-09-07,1,65.81
197,"Kartik Yadav",9800000197,15,5,7,8,22500.00,Standard,2025-06-07,1,75.91
198,"Navya Naidu",9800000198,30,2,4,15,30500.00,Premium,2024-03-07,0,24.38
199,"Yash Mukherjee",9800000199,22,2,3,14,35600.00,Premium,2024-11-07,0,26.93
200,"Manish Sen",9800000200,22,2,4,15,23500.00,Standard,2024-11-07,0,26.45
201,"Devansh Goel",9800000201,46,0,1,23,43200.00,Platinum,2022-11-07,0,1.00
202,"Krishna Joshi",9800000202,24,2,4,14,34200.00,Premium,2024-09-07,0,33.49
203,"Sandeep Sharma",9800000203,19,5,7,7,17500.00,Standard,2025-02-07,1,87.92
204,"Sara Patel",9800000204,31,3,3,15,30800.00,Premium,2024-02-07,0,36.58
205,"Kabir Chawla",9800000205,20,4,6,11,22800.00,Standard,2025-01-07,1,66.58
206,"Saanvi Pandey",9800000206,19,5,5,9,20600.00,Standard,2025-02-07,1,72.74
207,"Kavya Yadav",9800000207,39,1,1,21,31600.00,Premium,2023-06-07,0,1.00
208,"Simran Dubey",9800000208,26,2,3,13,35500.00,Premium,2024-07-07,0,33.40
209,"Bhavya Rao",9800000209,34,2,2,19,31000.00,Premium,2023-11-07,0,17.55
210,"Kabir Rawat",9800000210,35,2,3,21,32500.00,Premium,2023-10-07,0,5.16
211,"Pallavi Malhotra",9800000211,38,2,4,18,29600.00,Premium,2023-07-07,0,20.22
212,"Amit Banerjee",9800000212,27,4,5,15,31900.00,Premium,2024-06-07,1,50.01
213,"Naveen Saxena",9800000213,21,3,3,11,16900.00,Standard,2024-12-07,1,50.60
214,"Rachana Patel",9800000214,27,3,5,15,17300.00,Standard,2024-06-07,0,41.92
215,"Sunita Nair",9800000215,14,4,6,7,18200.00,Standard,2025-07-07,1,70.53
216,"Manisha Dubey",9800000216,26,4,4,14,30000.00,Premium,2024-07-07,0,45.91
217,"Kavya Dubey",9800000217,22,2,2,14,16400.00,Standard,2024-11-07,0,23.09
218,"Neha Bhatt",9800000218,40,0,0,21,46500.00,Platinum,2023-05-07,0,1.00
219,"Rekha Iyer",9800000219,12,5,5,4,15000.00,Basic,2025-09-07,1,85.60
220,"Atharv Kulkarni",9800000220,29,3,3,18,36100.00,Premium,2024-04-07,0,27.49
221,"Naveen Sethi",9800000221,27,3,5,18,29400.00,Premium,2024-06-07,0,36.35
222,"Ayaan Chopra",9800000222,26,3,4,15,31800.00,Premium,2024-07-07,0,32.81
223,"Diya Menon",9800000223,20,5,5,11,19000.00,Standard,2025-01-07,1,68.57
224,"Krishna Bansal",9800000224,35,1,3,21,46800.00,Platinum,2023-10-07,0,3.17
225,"Anjali Saxena",9800000225,7,4,5,2,12800.00,Basic,2026-02-07,1,81.33
226,"Rahul Chopra",9800000226,25,2,4,12,21700.00,Standard,2024-08-07,0,35.26
227,"Atharv Chauhan",9800000227,23,3,3,14,23000.00,Standard,2024-10-07,0,44.21
228,"Manisha Nair",9800000228,8,4,5,4,13400.00,Basic,2026-01-07,1,83.64
229,"Preeti Pandey",9800000229,8,6,8,6,14400.00,Basic,2026-01-07,1,99.00
230,"Rajesh Mehta",9800000230,36,1,3,16,33500.00,Premium,2023-09-07,0,16.20
231,"Praveen Goel",9800000231,5,5,7,1,14300.00,Basic,2026-04-07,1,99.00
232,"Devansh Malhotra",9800000232,11,4,5,6,23500.00,Standard,2025-10-07,1,75.57
233,"Pooja Pandey",9800000233,34,2,3,20,47500.00,Platinum,2023-11-07,0,13.11
234,"Kiara Yadav",9800000234,25,2,2,18,29600.00,Premium,2024-08-07,0,15.97
235,"Swati Pandey",9800000235,17,3,4,8,20700.00,Standard,2025-04-07,1,52.51
236,"Vandana Mishra",9800000236,10,5,7,4,10600.00,Basic,2025-11-07,1,95.90
237,"Komal Malhotra",9800000237,41,1,2,25,42000.00,Platinum,2023-04-07,0,1.00
238,"Bhavya Pandey",9800000238,21,3,4,9,24100.00,Standard,2024-12-07,1,50.20
239,"Tanya Chauhan",9800000239,15,4,4,7,15300.00,Standard,2025-06-07,1,70.03
240,"Rohan Rao",9800000240,17,4,6,8,18100.00,Standard,2025-04-07,1,68.35
241,"Vandana Bhandari",9800000241,39,2,2,19,44900.00,Platinum,2023-06-07,0,7.55
242,"Rachana Yadav",9800000242,4,6,6,0,14900.00,Basic,2026-05-07,1,99.00
243,"Rudra Chauhan",9800000243,22,4,5,15,14900.00,Standard,2024-11-07,0,44.45
244,"Rachana Banerjee",9800000244,36,1,2,24,44700.00,Platinum,2023-09-07,0,1.00
245,"Varun Kulkarni",9800000245,23,3,3,12,17500.00,Standard,2024-10-07,0,38.60
246,"Jyoti Tiwari",9800000246,29,3,3,15,30500.00,Premium,2024-04-07,0,32.12
247,"Sandeep Pillai",9800000247,12,4,4,7,14900.00,Basic,2025-09-07,1,64.57
248,"Anand Pandey",9800000248,26,2,2,11,21100.00,Standard,2024-07-07,0,38.21
249,"Abhishek Malhotra",9800000249,37,2,2,18,32300.00,Premium,2023-08-07,0,12.10
250,"Naveen Chopra",9800000250,30,2,4,16,28900.00,Premium,2024-03-07,0,25.70
251,"Karan Dubey",9800000251,32,2,4,18,31400.00,Premium,2024-01-07,0,22.39
252,"Devansh Chopra",9800000252,28,2,3,15,35700.00,Premium,2024-05-07,0,33.20
253,"Nikita Jain",9800000253,39,2,2,20,47100.00,Platinum,2023-06-07,0,12.02
254,"Nisha Verma",9800000254,24,4,5,11,15900.00,Standard,2024-09-07,1,52.66
255,"Amit Sethi",9800000255,1,5,7,0,13600.00,Basic,2026-08-07,1,99.00
256,"Aditya Gupta",9800000256,33,3,4,18,34600.00,Premium,2023-12-07,0,29.28
257,"Sandeep Patel",9800000257,28,4,5,13,33900.00,Premium,2024-05-07,0,48.10
258,"Komal Yadav",9800000258,4,6,8,0,12200.00,Basic,2026-05-07,1,99.00
259,"Rachana Chawla",9800000259,33,1,3,21,28900.00,Premium,2023-12-07,0,6.56
260,"Navya Sharma",9800000260,11,3,4,7,18600.00,Standard,2025-10-07,1,58.35
261,"Ishita Mukherjee",9800000261,38,2,2,19,40900.00,Platinum,2023-07-07,0,15.25
262,"Aditya Patel",9800000262,24,2,2,14,37900.00,Premium,2024-09-07,0,32.72
263,"Vihaan Sen",9800000263,31,3,4,17,31000.00,Premium,2024-02-07,0,26.50
264,"Bhavya Khanna",9800000264,23,3,3,11,21000.00,Standard,2024-10-07,1,51.27
265,"Kabir Agarwal",9800000265,19,3,3,10,16900.00,Standard,2025-02-07,0,48.93
266,"Ramesh Chawla",9800000266,41,1,3,22,40700.00,Platinum,2023-04-07,0,1.00
267,"Aadhya Bansal",9800000267,20,3,5,9,20300.00,Standard,2025-01-07,1,57.60
268,"Sunita Bhandari",9800000268,32,1,1,17,32200.00,Premium,2024-01-07,0,13.86
269,"Karan Trivedi",9800000269,34,1,3,17,31300.00,Premium,2023-11-07,0,10.61
270,"Vivaan Yadav",9800000270,16,4,4,13,20200.00,Standard,2025-05-07,0,48.41
271,"Neha Bose",9800000271,19,4,6,12,14400.00,Standard,2025-02-07,1,65.22
272,"Manisha Jain",9800000272,35,2,3,19,45900.00,Platinum,2023-10-07,0,17.50
273,"Amit Nair",9800000273,39,2,2,19,42500.00,Platinum,2023-06-07,0,14.64
274,"Anand Singh",9800000274,16,4,6,7,16100.00,Standard,2025-05-07,1,77.60
275,"Vijay Iyer",9800000275,34,2,4,20,34800.00,Premium,2023-11-07,0,13.00
276,"Snehal Kulkarni",9800000276,33,2,4,22,28900.00,Premium,2023-12-07,0,5.98
277,"Rahul Chawla",9800000277,24,4,6,10,24000.00,Standard,2024-09-07,1,65.37
278,"Vivaan Rao",9800000278,27,3,4,17,32600.00,Premium,2024-06-07,0,29.37
279,"Sunita Rathi",9800000279,39,1,3,21,48200.00,Platinum,2023-06-07,0,1.73
280,"Akash Chopra",9800000280,23,4,6,10,17500.00,Standard,2024-10-07,1,59.63
281,"Swati Naidu",9800000281,9,4,6,5,12800.00,Basic,2025-12-07,1,82.51
282,"Ritu Bose",9800000282,32,1,1,21,35300.00,Premium,2024-01-07,0,1.00
283,"Anjali Shah",9800000283,12,5,6,5,17200.00,Standard,2025-09-07,1,91.01
284,"Reyansh Trivedi",9800000284,8,6,7,4,10900.00,Basic,2026-01-07,1,99.00
285,"Kartik Desai",9800000285,37,2,2,24,45900.00,Platinum,2023-08-07,0,1.02
286,"Varun Trivedi",9800000286,34,1,1,17,32300.00,Premium,2023-11-07,0,6.45
287,"Sara Mukherjee",9800000287,48,1,3,24,48100.00,Platinum,2022-09-07,0,1.00
288,"Suresh Yadav",9800000288,30,3,4,20,34000.00,Premium,2024-03-07,0,22.55
289,"Harsh Naidu",9800000289,28,2,4,11,33000.00,Premium,2024-05-07,0,35.28
290,"Swati Iyer",9800000290,36,1,1,21,28200.00,Premium,2023-09-07,0,1.00
291,"Anika Mukherjee",9800000291,42,0,1,24,47900.00,Platinum,2023-03-07,0,1.00
292,"Kritika Nair",9800000292,25,3,4,13,30000.00,Premium,2024-08-07,0,40.21
293,"Karan Bose",9800000293,3,6,7,1,8100.00,Basic,2026-06-07,1,99.00
294,"Bhavya Mishra",9800000294,32,2,3,16,28500.00,Premium,2024-01-07,0,27.16
295,"Gaurav Chatterjee",9800000295,6,5,7,1,13700.00,Basic,2026-03-07,1,97.69
296,"Diya Deshmukh",9800000296,41,2,2,20,48700.00,Platinum,2023-04-07,0,13.43
297,"Pranav Das",9800000297,27,4,6,17,29300.00,Premium,2024-06-07,1,50.79
298,"Saanvi Kulkarni",9800000298,39,2,4,23,42700.00,Platinum,2023-06-07,0,12.62
299,"Divya Rathi",9800000299,17,4,6,9,23200.00,Standard,2025-04-07,1,69.15
300,"Reyansh Sharma",9800000300,35,1,2,17,31300.00,Premium,2023-10-07,0,7.29
301,"Suresh Khanna",9800000301,16,4,5,7,15300.00,Standard,2025-05-07,1,70.57
302,"Pranav Banerjee",9800000302,28,2,2,17,32600.00,Premium,2024-05-07,0,17.49
303,"Suresh Deshmukh",9800000303,31,2,2,19,30200.00,Premium,2024-02-07,0,11.65
304,"Tanya Rathi",9800000304,36,1,1,19,51200.00,Platinum,2023-09-07,0,1.00
305,"Siddharth Chauhan",9800000305,12,4,5,5,12100.00,Basic,2025-09-07,1,76.85
306,"Aarav Rathi",9800000306,19,5,5,10,15900.00,Standard,2025-02-07,1,73.13
307,"Devansh Mishra",9800000307,26,4,4,11,24600.00,Standard,2024-07-07,1,60.15
308,"Kartik Nair",9800000308,35,3,5,20,33500.00,Premium,2023-10-07,0,22.36
309,"Aditi Chauhan",9800000309,36,3,5,20,34400.00,Premium,2023-09-07,0,27.92
310,"Sneha Pawar",9800000310,31,3,4,18,33200.00,Premium,2024-02-07,0,23.25
311,"Reyansh Mishra",9800000311,45,0,0,26,43500.00,Platinum,2022-12-07,0,1.00
312,"Tarun Kulkarni",9800000312,44,1,1,23,49600.00,Platinum,2023-01-07,0,1.00
313,"Raj Mukherjee",9800000313,28,3,3,18,35800.00,Premium,2024-05-07,0,31.44
314,"Rachana Chauhan",9800000314,18,4,4,10,16000.00,Standard,2025-03-07,1,61.89
315,"Rohan Bhatia",9800000315,19,3,4,9,19100.00,Standard,2025-02-07,1,60.00
316,"Yash Patel",9800000316,24,3,5,13,35800.00,Premium,2024-09-07,0,44.21
317,"Manish Rathi",9800000317,35,1,1,22,44000.00,Platinum,2023-10-07,0,1.00
318,"Priya Pawar",9800000318,25,3,3,12,19900.00,Standard,2024-08-07,0,39.84
319,"Jyoti Chatterjee",9800000319,25,3,3,16,15800.00,Standard,2024-08-07,0,38.33
320,"Neha Sharma",9800000320,26,4,4,14,35000.00,Premium,2024-07-07,1,53.01
321,"Preeti Kapoor",9800000321,35,1,2,18,32500.00,Premium,2023-10-07,0,6.40
322,"Aditya Mukherjee",9800000322,26,3,5,15,17900.00,Standard,2024-07-07,0,40.93
323,"Anjali Agarwal",9800000323,14,5,7,5,12400.00,Basic,2025-07-07,1,86.68
324,"Vivaan Khanna",9800000324,37,0,2,25,44100.00,Platinum,2023-08-07,0,1.00
325,"Rudra Joshi",9800000325,29,3,3,17,37300.00,Premium,2024-04-07,0,34.98
326,"Preeti Khanna",9800000326,34,3,4,17,34600.00,Premium,2023-11-07,0,25.50
327,"Krishna Desai",9800000327,33,2,3,20,37600.00,Premium,2023-12-07,0,9.47
328,"Shruti Bhatia",9800000328,16,4,5,8,17400.00,Standard,2025-05-07,1,68.82
329,"Preeti Sethi",9800000329,41,1,3,22,40900.00,Platinum,2023-04-07,0,1.00
330,"Vidya Verma",9800000330,7,6,8,3,10600.00,Basic,2026-02-07,1,99.00
331,"Kartik Deshmukh",9800000331,21,4,6,7,15800.00,Standard,2024-12-07,1,72.65
332,"Sara Bose",9800000332,34,2,4,23,44300.00,Platinum,2023-11-07,0,8.54
333,"Sai Iyer",9800000333,27,2,2,16,31800.00,Premium,2024-06-07,0,23.20
334,"Divya Pillai",9800000334,31,2,3,18,28100.00,Premium,2024-02-07,0,23.53
335,"Vikram Rao",9800000335,31,2,2,19,32100.00,Premium,2024-02-07,0,11.51
336,"Sara Pandey",9800000336,11,3,5,8,15500.00,Standard,2025-10-07,1,63.10
337,"Rudra Singh",9800000337,39,2,4,21,36200.00,Premium,2023-06-07,0,17.32
338,"Navya Sethi",9800000338,39,1,3,21,42000.00,Platinum,2023-06-07,0,4.18
339,"Snehal Arora",9800000339,41,2,4,20,45700.00,Platinum,2023-04-07,0,15.03
340,"Neha Menon",9800000340,21,4,5,8,22800.00,Standard,2024-12-07,1,69.92
341,"Mohit Arora",9800000341,25,2,2,17,28800.00,Premium,2024-08-07,0,21.63
342,"Saanvi Pillai",9800000342,37,0,2,21,49700.00,Platinum,2023-08-07,0,1.00
343,"Yash Sen",9800000343,18,4,5,9,20100.00,Standard,2025-03-07,1,61.24
344,"Ashok Agarwal",9800000344,23,3,3,10,21700.00,Standard,2024-10-07,0,43.89
345,"Harsh Khanna",9800000345,8,6,6,3,12200.00,Basic,2026-01-07,1,95.06
346,"Suresh Chatterjee",9800000346,32,2,2,18,32400.00,Premium,2024-01-07,0,12.02
347,"Praveen Desai",9800000347,40,0,0,25,51700.00,Platinum,2023-05-07,0,1.00
348,"Charu Banerjee",9800000348,33,1,1,17,35300.00,Premium,2023-12-07,0,8.36
349,"Mohit Bose",9800000349,12,3,4,7,15300.00,Standard,2025-09-07,1,62.16
350,"Neha Chawla",9800000350,26,2,3,17,37000.00,Premium,2024-07-07,0,27.44
351,"Kabir Pillai",9800000351,37,2,2,20,30600.00,Premium,2023-08-07,0,6.50
352,"Sunita Bhatia",9800000352,23,4,5,13,16600.00,Standard,2024-10-07,1,50.65
353,"Arnav Rao",9800000353,33,2,4,23,32900.00,Premium,2023-12-07,0,3.33
354,"Sai Pawar",9800000354,40,1,1,25,51000.00,Platinum,2023-05-07,0,1.00
355,"Rekha Chawla",9800000355,31,1,3,21,32600.00,Premium,2024-02-07,0,1.00
356,"Riya Patel",9800000356,27,3,3,14,37600.00,Premium,2024-06-07,0,35.07
357,"Ishita Sen",9800000357,28,2,2,19,34900.00,Premium,2024-05-07,0,18.37
358,"Sanjay Khanna",9800000358,12,5,5,8,15500.00,Standard,2025-09-07,1,81.32
359,"Neha Rawat",9800000359,19,2,2,10,23000.00,Standard,2025-02-07,0,39.07
360,"Advik Kulkarni",9800000360,17,4,5,5,23500.00,Standard,2025-04-07,1,80.61
361,"Bhavya Chawla",9800000361,18,4,4,8,17200.00,Standard,2025-03-07,1,66.08
362,"Vikram Trivedi",9800000362,10,4,5,7,10800.00,Basic,2025-11-07,1,77.35
363,"Suman Arora",9800000363,11,4,5,10,21700.00,Standard,2025-10-07,1,60.11
364,"Ananya Reddy",9800000364,40,1,1,19,47400.00,Platinum,2023-05-07,0,1.00
365,"Nikhil Rao",9800000365,38,1,3,19,37200.00,Premium,2023-07-07,0,11.47
366,"Pooja Chopra",9800000366,28,4,5,14,34400.00,Premium,2024-05-07,0,47.32
367,"Sara Bansal",9800000367,25,2,4,17,36500.00,Premium,2024-08-07,0,24.58
368,"Manisha Naidu",9800000368,39,0,1,27,45200.00,Platinum,2023-06-07,0,1.00
369,"Raj Rao",9800000369,27,4,6,12,21100.00,Standard,2024-06-07,1,58.13
370,"Saanvi Desai",9800000370,34,1,1,17,37700.00,Premium,2023-11-07,0,1.57
371,"Praveen Chopra",9800000371,10,5,6,9,11200.00,Basic,2025-11-07,1,81.40
372,"Shaurya Saxena",9800000372,38,1,3,18,35700.00,Premium,2023-07-07,0,8.82
373,"Karan Deshmukh",9800000373,21,3,5,6,24300.00,Standard,2024-12-07,1,64.50
374,"Sara Trivedi",9800000374,16,4,5,5,9200.00,Basic,2025-05-07,1,72.71
375,"Ananya Jain",9800000375,15,3,3,11,17700.00,Standard,2025-06-07,1,53.99
376,"Ayaan Singh",9800000376,29,2,4,18,35600.00,Premium,2024-04-07,0,26.32
377,"Komal Desai",9800000377,42,1,3,24,48400.00,Platinum,2023-03-07,0,1.00
378,"Pooja Bose",9800000378,33,2,3,14,34400.00,Premium,2023-12-07,0,26.40
379,"Aditya Bhandari",9800000379,10,5,6,2,12800.00,Basic,2025-11-07,1,97.89
380,"Shreya Bhatt",9800000380,12,5,5,7,14300.00,Standard,2025-09-07,1,74.28
381,"Advik Iyer",9800000381,29,2,3,13,35200.00,Premium,2024-04-07,0,25.81
382,"Shaurya Deshmukh",9800000382,22,4,5,11,22100.00,Standard,2024-11-07,1,62.91
383,"Rajesh Rathi",9800000383,39,1,3,24,46700.00,Platinum,2023-06-07,0,1.00
384,"Bhavya Bose",9800000384,20,4,6,9,15700.00,Standard,2025-01-07,1,73.38
385,"Tarun Patel",9800000385,25,2,4,13,35700.00,Premium,2024-08-07,0,41.16
386,"Vivek Kulkarni",9800000386,33,2,3,15,37800.00,Premium,2023-12-07,0,22.03
387,"Aditya Goel",9800000387,10,6,6,3,11200.00,Basic,2025-11-07,1,95.17
388,"Vivek Arora",9800000388,27,2,2,16,35900.00,Premium,2024-06-07,0,18.22
389,"Advik Sethi",9800000389,22,4,5,12,23500.00,Standard,2024-11-07,1,60.94
390,"Suman Dubey",9800000390,13,4,5,9,15600.00,Standard,2025-08-07,1,66.88
391,"Yash Singh",9800000391,21,4,4,10,14900.00,Standard,2024-12-07,1,59.51
392,"Tanya Banerjee",9800000392,32,2,2,16,34500.00,Premium,2024-01-07,0,16.75
393,"Vandana Rathi",9800000393,42,0,2,21,44400.00,Platinum,2023-03-07,0,1.00
394,"Snehal Dubey",9800000394,44,0,0,22,47500.00,Platinum,2023-01-07,0,1.00
395,"Vivaan Shah",9800000395,15,4,4,10,22300.00,Standard,2025-06-07,1,61.34
396,"Komal Gupta",9800000396,16,4,4,7,22700.00,Standard,2025-05-07,1,69.02
397,"Pari Dubey",9800000397,12,5,6,5,13000.00,Basic,2025-09-07,1,91.65
398,"Snehal Bansal",9800000398,34,2,3,22,42800.00,Platinum,2023-11-07,0,14.04
399,"Naveen Singh",9800000399,31,2,3,18,31400.00,Premium,2024-02-07,0,17.66
400,"Atharv Rawat",9800000400,29,2,2,17,31100.00,Premium,2024-04-07,0,20.31
401,"Pooja Nair",9800000401,37,1,3,21,37100.00,Premium,2023-08-07,0,1.81
402,"Swati Chawla",9800000402,14,5,6,8,10900.00,Basic,2025-07-07,1,77.84
403,"Suman Trivedi",9800000403,37,1,1,19,40300.00,Platinum,2023-08-07,0,1.00
404,"Radhika Pawar",9800000404,5,6,6,7,14700.00,Basic,2026-04-07,1,88.12
405,"Rekha Tiwari",9800000405,39,1,2,24,47300.00,Platinum,2023-06-07,0,1.00
406,"Ananya Bhandari",9800000406,14,5,5,6,10800.00,Basic,2025-07-07,1,83.52
407,"Devansh Rathi",9800000407,13,5,6,5,11000.00,Basic,2025-08-07,1,87.81
408,"Manisha Rathi",9800000408,21,4,6,9,18500.00,Standard,2024-12-07,1,66.46
409,"Riya Arora",9800000409,10,4,6,2,8800.00,Basic,2025-11-07,1,87.09
410,"Shaurya Rathi",9800000410,6,4,5,5,12600.00,Basic,2026-03-07,1,74.70
411,"Rohan Goel",9800000411,13,5,5,10,24600.00,Standard,2025-08-07,1,65.49
412,"Ishita Naidu",9800000412,25,2,4,11,36800.00,Premium,2024-08-07,0,38.19
413,"Sneha Tiwari",9800000413,48,0,0,23,45000.00,Platinum,2022-09-07,0,1.00
414,"Shreya Mishra",9800000414,21,3,4,9,23900.00,Standard,2024-12-07,1,57.89
415,"Tanya Kapoor",9800000415,35,2,4,18,28600.00,Premium,2023-10-07,0,21.41
416,"Atharv Pawar",9800000416,26,3,4,15,38000.00,Premium,2024-07-07,0,36.15
417,"Shreya Chawla",9800000417,28,2,3,16,28000.00,Premium,2024-05-07,0,19.09
418,"Vandana Tiwari",9800000418,14,5,5,8,21600.00,Standard,2025-07-07,1,72.95
419,"Nikhil Agarwal",9800000419,2,6,8,4,13800.00,Basic,2026-07-07,1,99.00
420,"Sunita Pawar",9800000420,24,3,4,16,14600.00,Standard,2024-09-07,0,36.45
421,"Deepika Pandey",9800000421,23,4,5,9,15600.00,Standard,2024-10-07,1,67.44
422,"Raj Trivedi",9800000422,23,3,4,16,31100.00,Premium,2024-10-07,0,30.93
423,"Atharv Naidu",9800000423,18,3,5,8,19300.00,Standard,2025-03-07,1,60.50
424,"Harsh Pawar",9800000424,34,3,3,15,28400.00,Premium,2023-11-07,0,30.75
425,"Kabir Sharma",9800000425,38,2,2,22,47900.00,Platinum,2023-07-07,0,1.65
426,"Payal Agarwal",9800000426,13,5,7,4,9000.00,Basic,2025-08-07,1,89.13
427,"Aditi Khanna",9800000427,17,4,5,11,15900.00,Standard,2025-04-07,1,58.39
428,"Pooja Kulkarni",9800000428,28,3,5,15,34200.00,Premium,2024-05-07,0,37.95
429,"Shruti Saxena",9800000429,21,5,6,8,17400.00,Standard,2024-12-07,1,78.18
430,"Ira Rao",9800000430,25,3,3,14,31500.00,Premium,2024-08-07,0,38.55
431,"Shruti Reddy",9800000431,36,1,3,19,41900.00,Platinum,2023-09-07,0,7.59
432,"Harsh Tiwari",9800000432,26,3,3,11,21400.00,Standard,2024-07-07,0,47.37
433,"Bhavya Naidu",9800000433,33,2,3,16,29100.00,Premium,2023-12-07,0,26.82
434,"Akash Naidu",9800000434,14,5,5,8,21300.00,Standard,2025-07-07,1,75.34
435,"Devansh Bhandari",9800000435,28,3,4,18,37400.00,Premium,2024-05-07,0,32.61
436,"Atharv Arora",9800000436,43,0,2,28,40000.00,Platinum,2023-02-07,0,1.00
437,"Kabir Bhatt",9800000437,13,4,6,6,15500.00,Standard,2025-08-07,1,77.72
438,"Aadhya Gupta",9800000438,37,2,2,17,34400.00,Premium,2023-08-07,0,15.24
439,"Kritika Sethi",9800000439,14,4,6,8,19500.00,Standard,2025-07-07,1,70.83
440,"Bhavya Chatterjee",9800000440,24,3,5,18,37800.00,Premium,2024-09-07,0,37.75
441,"Divya Mehta",9800000441,18,4,6,10,22800.00,Standard,2025-03-07,1,63.45
442,"Harsh Bansal",9800000442,19,4,5,8,14400.00,Standard,2025-02-07,1,72.22
443,"Komal Chawla",9800000443,35,1,3,19,30900.00,Premium,2023-10-07,0,3.14
444,"Ishaan Chopra",9800000444,27,3,5,15,34600.00,Premium,2024-06-07,0,38.99
445,"Deepak Yadav",9800000445,37,3,5,21,29500.00,Premium,2023-08-07,0,22.60
446,"Jyoti Mukherjee",9800000446,37,1,3,18,36200.00,Premium,2023-08-07,0,4.48
447,"Diya Pawar",9800000447,36,2,3,19,46400.00,Platinum,2023-09-07,0,14.02
448,"Navya Mukherjee",9800000448,12,4,5,8,21400.00,Standard,2025-09-07,1,66.50
449,"Nisha Goel",9800000449,38,2,2,18,41200.00,Platinum,2023-07-07,0,8.75
450,"Mohit Rao",9800000450,1,6,6,5,12500.00,Basic,2026-08-07,1,99.00
451,"Atharv Sethi",9800000451,40,2,4,22,51900.00,Platinum,2023-05-07,0,12.43
452,"Ashok Joshi",9800000452,9,5,6,1,8500.00,Basic,2025-12-07,1,99.00
453,"Shreya Banerjee",9800000453,21,4,5,14,15100.00,Standard,2024-12-07,0,46.93
454,"Komal Pillai",9800000454,20,3,3,12,24300.00,Standard,2025-01-07,0,44.09
455,"Diya Rawat",9800000455,21,5,6,7,19900.00,Standard,2024-12-07,1,84.75
456,"Diya Singh",9800000456,12,4,5,6,10000.00,Basic,2025-09-07,1,70.84
457,"Sai Mukherjee",9800000457,19,4,6,9,16100.00,Standard,2025-02-07,1,62.18
458,"Deepika Arora",9800000458,39,2,3,25,40200.00,Platinum,2023-06-07,0,1.00
459,"Deepika Iyer",9800000459,35,3,5,15,33800.00,Premium,2023-10-07,0,42.85
460,"Vandana Gupta",9800000460,13,4,5,11,15100.00,Standard,2025-08-07,1,63.38
461,"Kabir Naidu",9800000461,6,6,8,5,10300.00,Basic,2026-03-07,1,99.00
462,"Kartik Patel",9800000462,20,3,3,13,15800.00,Standard,2025-01-07,0,40.24
463,"Anika Jain",9800000463,36,1,1,19,51100.00,Platinum,2023-09-07,0,4.28
464,"Praveen Das",9800000464,16,3,4,9,24300.00,Standard,2025-05-07,1,57.13
465,"Snehal Kumar",9800000465,6,5,7,2,8800.00,Basic,2026-03-07,1,99.00
466,"Aditi Chatterjee",9800000466,14,4,4,5,22800.00,Standard,2025-07-07,1,75.32
467,"Ishita Kumar",9800000467,14,4,6,11,22300.00,Standard,2025-07-07,1,59.22
468,"Reyansh Bansal",9800000468,37,2,4,19,32200.00,Premium,2023-08-07,0,20.42
469,"Amit Goel",9800000469,28,3,3,17,32800.00,Premium,2024-05-07,0,34.09
470,"Rajesh Bhandari",9800000470,15,5,5,6,14400.00,Standard,2025-06-07,1,81.17
471,"Kartik Malhotra",9800000471,41,0,2,25,41000.00,Platinum,2023-04-07,0,1.00
472,"Rajesh Arora",9800000472,8,5,6,3,14200.00,Basic,2026-01-07,1,94.10
473,"Bhavya Sharma",9800000473,26,3,5,17,32500.00,Premium,2024-07-07,0,32.99
474,"Rekha Sharma",9800000474,10,6,6,6,10100.00,Basic,2025-11-07,1,94.54
475,"Riya Deshmukh",9800000475,13,4,6,5,20900.00,Standard,2025-08-07,1,78.07
476,"Priya Iyer",9800000476,36,1,3,17,36800.00,Premium,2023-09-07,0,15.43
477,"Meera Pandey",9800000477,21,3,5,14,28700.00,Premium,2024-12-07,0,47.56
478,"Kartik Shah",9800000478,32,3,3,19,35600.00,Premium,2024-01-07,0,21.05
479,"Kavya Pandey",9800000479,23,4,5,14,21500.00,Standard,2024-10-07,1,51.74
480,"Navya Bhandari",9800000480,36,1,2,16,31900.00,Premium,2023-09-07,0,8.15
481,"Pranav Joshi",9800000481,31,2,3,17,34800.00,Premium,2024-02-07,0,26.53
482,"Mohit Das",9800000482,23,3,5,12,18500.00,Standard,2024-10-07,0,47.26
483,"Nisha Mishra",9800000483,15,4,4,11,16500.00,Standard,2025-06-07,1,56.81
484,"Jyoti Singh",9800000484,23,2,4,15,34700.00,Premium,2024-10-07,0,27.79
485,"Kabir Iyer",9800000485,19,5,5,9,19900.00,Standard,2025-02-07,1,67.70
486,"Aryan Verma",9800000486,14,3,5,9,19600.00,Standard,2025-07-07,1,61.27
487,"Ira Bhatt",9800000487,3,6,6,2,10800.00,Basic,2026-06-07,1,99.00
488,"Tarun Mehta",9800000488,22,4,4,8,19900.00,Standard,2024-11-07,1,62.45
489,"Atharv Menon",9800000489,27,3,4,15,36500.00,Premium,2024-06-07,0,35.99
490,"Vivaan Bhatt",9800000490,25,3,5,18,36000.00,Premium,2024-08-07,0,31.51
491,"Kiara Rawat",9800000491,17,5,5,10,20500.00,Standard,2025-04-07,1,68.56
492,"Saanvi Trivedi",9800000492,14,3,4,9,17300.00,Standard,2025-07-07,1,57.21
493,"Aarav Gupta",9800000493,41,2,3,20,50900.00,Platinum,2023-04-07,0,12.39
494,"Aryan Saxena",9800000494,15,4,5,8,19200.00,Standard,2025-06-07,1,70.88
495,"Anand Menon",9800000495,21,3,3,9,18600.00,Standard,2024-12-07,1,56.00
496,"Reyansh Bhatt",9800000496,15,5,7,9,20000.00,Standard,2025-06-07,1,83.62
497,"Ramesh Pandey",9800000497,17,3,4,10,19300.00,Standard,2025-04-07,1,51.13
498,"Pranav Tiwari",9800000498,27,3,5,17,35100.00,Premium,2024-06-07,0,38.18
499,"Aadhya Deshmukh",9800000499,21,4,5,7,17400.00,Standard,2024-12-07,1,71.78
500,"Suresh Nair",9800000500,22,4,4,8,19300.00,Standard,2024-11-07,1,62.27
501,"Pranav Iyer",9800000501,3,5,7,0,8700.00,Basic,2026-06-07,1,99.00
502,"Nisha Desai",9800000502,23,5,6,9,23400.00,Standard,2024-10-07,1,76.72
503,"Kavya Chawla",9800000503,45,2,2,27,46400.00,Platinum,2022-12-07,0,1.00
504,"Rajesh Menon",9800000504,26,4,5,11,16500.00,Standard,2024-07-07,1,52.85
505,"Aryan Deshmukh",9800000505,42,0,1,23,44600.00,Platinum,2023-03-07,0,1.00
506,"Anjali Kulkarni",9800000506,43,2,3,21,52000.00,Platinum,2023-02-07,0,7.45
507,"Ananya Kulkarni",9800000507,13,6,8,9,14800.00,Basic,2025-08-07,1,84.63
508,"Harsh Desai",9800000508,12,4,6,7,12200.00,Basic,2025-09-07,1,78.08
509,"Tarun Pawar",9800000509,7,5,5,6,8900.00,Basic,2026-02-07,1,78.35
510,"Krishna Naidu",9800000510,14,4,4,10,21300.00,Standard,2025-07-07,1,61.34
511,"Pari Desai",9800000511,33,2,2,20,28300.00,Premium,2023-12-07,0,9.61
512,"Devansh Kulkarni",9800000512,29,3,4,18,29600.00,Premium,2024-04-07,0,28.82
513,"Shruti Mukherjee",9800000513,31,2,3,17,29600.00,Premium,2024-02-07,0,16.02
514,"Ishita Arora",9800000514,20,4,5,15,20400.00,Standard,2025-01-07,1,53.18
515,"Harsh Mukherjee",9800000515,36,1,3,18,28800.00,Premium,2023-09-07,0,12.46
516,"Kabir Shah",9800000516,13,4,5,6,21700.00,Standard,2025-08-07,1,75.11
517,"Raj Chawla",9800000517,32,3,4,16,31000.00,Premium,2024-01-07,0,39.03
518,"Ishita Trivedi",9800000518,22,2,4,13,16500.00,Standard,2024-11-07,0,40.01
519,"Shruti Arora",9800000519,22,3,3,13,17300.00,Standard,2024-11-07,0,44.75
520,"Nikita Bansal",9800000520,24,3,3,13,19700.00,Standard,2024-09-07,0,36.64
521,"Riya Mehta",9800000521,11,3,2,12,16127.45,Standard,2025-10-07,1,50.22
522,"Meenal Kaur",9800000522,11,1,2,12,15291.90,Standard,2025-10-07,0,33.97
523,"Manish Reddy",9800000523,25,3,1,10,29402.51,Premium,2024-08-07,0,32.66
524,"Rudra Mehta",9800000524,22,3,5,13,33297.32,Premium,2024-11-07,0,44.09
525,"Ishita Rao",9800000525,10,5,6,1,9367.39,Basic,2025-11-07,1,83.79
526,"Anita Saxena",9800000526,25,3,2,16,22371.93,Standard,2024-08-07,0,49.05
527,"Zara Rao",9800000527,16,2,2,19,25884.76,Standard,2025-05-07,0,47.20
528,"Dev Ghosh",9800000528,12,2,1,15,15728.07,Standard,2025-09-07,1,55.39
529,"Bhavya Thakur",9800000529,8,5,8,2,9479.77,Basic,2026-01-07,1,89.23
530,"Kavya Gupta",9800000530,40,1,1,20,41090.91,Platinum,2023-05-07,0,2.47
531,"Ansh Sharma",9800000531,41,0,3,24,45616.60,Platinum,2023-04-07,0,4.51
532,"Bhavya Banerjee",9800000532,45,1,2,19,27897.89,Premium,2022-12-07,0,2.03
533,"Aarohi Sharma",9800000533,14,3,6,11,23387.62,Standard,2025-07-07,0,44.18
534,"Ishita Mehta",9800000534,11,1,3,14,17649.59,Standard,2025-10-07,0,45.02
535,"Shreya Bhatia",9800000535,13,2,2,20,27651.27,Premium,2025-08-07,0,43.83
536,"Siddharth Jain",9800000536,34,1,3,28,45257.20,Platinum,2023-11-07,0,7.18
537,"Suresh Kapoor",9800000537,1,6,6,5,8425.96,Basic,2026-08-07,1,90.62
538,"Aisha Menon",9800000538,30,0,2,28,46470.81,Platinum,2024-03-07,0,9.23
539,"Aditi Dutta",9800000539,8,5,6,1,10586.31,Basic,2026-01-07,1,86.47
540,"Anjali Desai",9800000540,48,0,0,24,49607.11,Platinum,2022-09-07,0,3.09
541,"Ansh Reddy",9800000541,24,2,3,19,25155.92,Standard,2024-09-07,0,41.29
542,"Vidya Singh",9800000542,45,0,0,21,31827.69,Premium,2022-12-07,0,4.14
543,"Zara Pandey",9800000543,23,3,4,14,25530.49,Standard,2024-10-07,1,57.86
544,"Karan Singh",9800000544,17,3,2,6,31421.95,Premium,2025-04-07,1,50.44
545,"Harsh Mukherjee",9800000545,27,2,1,7,26685.21,Premium,2024-06-07,0,30.04
546,"Raj Pillai",9800000546,46,0,0,27,33888.48,Premium,2022-11-07,0,7.65
547,"Rohan Sharma",9800000547,38,0,2,24,33746.01,Premium,2023-07-07,0,6.57
548,"Divya Jain",9800000548,14,1,5,11,16457.02,Standard,2025-07-07,0,38.47
549,"Payal Arora",9800000549,8,6,7,5,18842.60,Standard,2026-01-07,1,88.58
550,"Pranav Chauhan",9800000550,31,0,2,19,48909.00,Platinum,2024-02-07,0,3.55
551,"Snehal Chopra",9800000551,34,1,3,22,50153.24,Platinum,2023-11-07,0,2.92
552,"Priya Malhotra",9800000552,3,6,7,2,11310.08,Basic,2026-06-07,1,86.55
553,"Preeti Iyer",9800000553,32,0,2,27,45157.44,Platinum,2024-01-07,0,2.42
554,"Simran Thakur",9800000554,4,6,5,3,19304.81,Standard,2026-05-07,1,86.13
555,"Sai Pandey",9800000555,35,0,1,24,34838.77,Premium,2023-10-07,0,5.32
556,"Tarun Rao",9800000556,2,5,5,4,12899.52,Basic,2026-07-07,1,87.21
557,"Sanjay Banerjee",9800000557,4,5,7,3,19801.33,Standard,2026-05-07,1,83.58
558,"Bhavya Iyer",9800000558,45,1,0,19,43134.58,Platinum,2022-12-07,0,7.81
559,"Mohit Sharma",9800000559,22,3,4,8,21342.47,Standard,2024-11-07,0,35.64
560,"Raj Pandey",9800000560,45,0,2,24,33970.85,Premium,2022-12-07,0,5.30
561,"Navya Pandey",9800000561,37,1,3,23,43547.86,Platinum,2023-08-07,0,3.27
562,"Farhan Chauhan",9800000562,33,1,3,26,43646.50,Platinum,2023-12-07,0,4.10
563,"Vinay Mehta",9800000563,25,2,5,20,35598.32,Premium,2024-08-07,1,50.08
564,"Anika Kulkarni",9800000564,21,1,2,14,17190.43,Standard,2024-12-07,0,28.73
565,"Vidya Jain",9800000565,30,1,3,28,48620.15,Platinum,2024-03-07,0,5.84
566,"Sneha Arora",9800000566,28,0,3,21,37495.59,Premium,2024-05-07,0,7.18
567,"Ashok Patel",9800000567,31,1,1,25,51854.71,Platinum,2024-02-07,0,7.95
568,"Diya Mahajan",9800000568,25,2,6,20,23269.54,Standard,2024-08-07,1,53.20
569,"Riya Mehta",9800000569,18,3,4,7,28344.94,Premium,2025-03-07,0,38.08
570,"Navya Singh",9800000570,7,6,6,2,10445.60,Basic,2026-02-07,1,88.85
571,"Navya Sethi",9800000571,40,0,3,25,30221.11,Premium,2023-05-07,0,9.53
572,"Ramesh Mukherjee",9800000572,35,1,1,22,40348.30,Platinum,2023-10-07,0,5.36
573,"Aryan Das",9800000573,32,0,3,27,40325.22,Platinum,2024-01-07,0,8.43
574,"Navya Pillai",9800000574,7,5,6,4,12567.38,Basic,2026-02-07,1,85.58
575,"Anika Desai",9800000575,12,3,2,7,32517.55,Premium,2025-09-07,1,50.63
576,"Vivaan Joshi",9800000576,18,2,4,8,28179.65,Premium,2025-03-07,0,48.98
577,"Rudra Mukherjee",9800000577,14,2,3,8,35288.87,Premium,2025-07-07,0,45.27
578,"Siddharth Menon",9800000578,10,6,6,1,9809.50,Basic,2025-11-07,1,91.69
579,"Mohit Shah",9800000579,24,3,1,15,19620.65,Standard,2024-09-07,0,42.71
580,"Advait Mahajan",9800000580,42,0,3,20,51585.68,Platinum,2023-03-07,0,4.70
581,"Dev Patel",9800000581,19,3,2,7,19958.82,Standard,2025-02-07,1,50.51
582,"Diya Chauhan",9800000582,11,4,3,10,18903.07,Standard,2025-10-07,0,35.75
583,"Harsh Kaur",9800000583,45,0,1,19,30877.14,Premium,2022-12-07,0,7.55
584,"Vinay Sen",9800000584,26,4,1,7,19448.41,Standard,2024-07-07,0,35.30
585,"Suresh Malhotra",9800000585,27,3,4,15,19991.20,Standard,2024-06-07,0,37.20
586,"Aarohi Chauhan",9800000586,2,6,6,2,10905.19,Basic,2026-07-07,1,92.49
587,"Diya Iyer",9800000587,34,1,1,23,26169.78,Premium,2023-11-07,0,7.34
588,"Ritu Singh",9800000588,15,4,1,5,30693.97,Premium,2025-06-07,0,41.21
589,"Yash Gupta",9800000589,43,0,0,24,46924.25,Platinum,2023-02-07,0,8.86
590,"Sara Mahajan",9800000590,30,0,0,26,47275.81,Platinum,2024-03-07,0,9.91
591,"Pooja Chandra",9800000591,25,3,5,18,21831.30,Standard,2024-08-07,0,46.29
592,"Charu Kaur",9800000592,19,1,2,12,15825.71,Standard,2025-02-07,0,28.08
593,"Bhavya Bansal",9800000593,12,2,3,14,30540.31,Premium,2025-09-07,0,48.62
594,"Tanya Kapoor",9800000594,34,1,0,26,27787.87,Premium,2023-11-07,0,4.66
595,"Gaurav Banerjee",9800000595,5,6,7,4,12132.07,Basic,2026-04-07,1,91.99
596,"Ramesh Menon",9800000596,13,1,4,15,26258.65,Premium,2025-08-07,0,34.87
597,"Farhan Bhatia",9800000597,36,0,1,25,45306.75,Platinum,2023-09-07,0,4.78
598,"Sai Kaur",9800000598,43,1,3,23,27255.20,Premium,2023-02-07,0,3.61
599,"Vidya Banerjee",9800000599,7,6,5,4,9514.39,Basic,2026-02-07,1,80.32
600,"Deepak Deshmukh",9800000600,45,1,3,18,30341.35,Premium,2022-12-07,0,9.56
601,"Deepak Chauhan",9800000601,9,4,7,4,16908.27,Standard,2025-12-07,1,78.58
602,"Siddharth Saxena",9800000602,37,0,3,19,36096.87,Premium,2023-08-07,0,3.13
603,"Krishna Desai",9800000603,20,3,4,20,28437.31,Premium,2025-01-07,0,44.54
604,"Rahul Bhatt",9800000604,15,1,3,18,23664.89,Standard,2025-06-07,0,36.02
605,"Riya Trivedi",9800000605,10,6,8,2,10906.05,Basic,2025-11-07,1,84.65
606,"Nikita Ghosh",9800000606,34,0,3,21,44929.30,Platinum,2023-11-07,0,5.18
607,"Ashok Reddy",9800000607,15,4,1,9,21491.98,Standard,2025-06-07,1,54.09
608,"Bhavya Naidu",9800000608,28,0,3,28,40897.94,Platinum,2024-05-07,0,9.82
609,"Ira Sethi",9800000609,48,0,2,28,44560.11,Platinum,2022-09-07,0,5.17
610,"Pooja Deshmukh",9800000610,18,3,2,7,16082.87,Standard,2025-03-07,0,47.01
611,"Aarohi Yadav",9800000611,28,0,2,18,30498.09,Premium,2024-05-07,0,3.46
612,"Ojas Sen",9800000612,33,0,1,19,44590.53,Platinum,2023-12-07,0,8.83
613,"Riya Joshi",9800000613,5,5,7,1,16791.52,Standard,2026-04-07,1,83.75
614,"Krishna Kulkarni",9800000614,22,3,6,18,30568.36,Premium,2024-11-07,0,37.06
615,"Priya Menon",9800000615,10,5,7,3,12980.23,Basic,2025-11-07,1,85.92
616,"Kritika Rana",9800000616,43,1,1,27,42628.05,Platinum,2023-02-07,0,3.90
617,"Saanvi Rathi",9800000617,12,3,4,6,33323.60,Premium,2025-09-07,0,30.70
618,"Kritika Kulkarni",9800000618,17,2,5,16,25048.36,Standard,2025-04-07,1,52.91
619,"Ramesh Mukherjee",9800000619,38,0,3,19,37598.00,Premium,2023-07-07,0,10.60
620,"Farhan Trivedi",9800000620,23,1,3,8,22401.11,Standard,2024-10-07,0,48.17
621,"Rakesh Rao",9800000621,31,0,3,18,51318.03,Platinum,2024-02-07,0,5.28
622,"Ojas Malhotra",9800000622,25,3,6,18,15498.81,Standard,2024-08-07,0,29.12
623,"Riya Yadav",9800000623,9,4,8,4,13696.28,Basic,2025-12-07,1,91.93
624,"Vivaan Tiwari",9800000624,48,0,3,27,51418.26,Platinum,2022-09-07,0,2.33
625,"Shruti Chopra",9800000625,18,3,1,16,25756.27,Standard,2025-03-07,0,38.76
626,"Yash Jain",9800000626,42,0,1,28,51653.12,Platinum,2023-03-07,0,2.51
627,"Tanya Chauhan",9800000627,34,0,1,27,36436.35,Premium,2023-11-07,0,5.29
628,"Jyoti Jain",9800000628,3,4,7,2,13198.69,Basic,2026-06-07,1,80.64
629,"Preeti Banerjee",9800000629,5,4,6,4,12473.99,Basic,2026-04-07,1,87.52
630,"Rachit Mukherjee",9800000630,18,1,6,14,25604.29,Standard,2025-03-07,0,29.82
631,"Simran Bansal",9800000631,43,1,0,19,27780.01,Premium,2023-02-07,0,3.26
632,"Komal Malhotra",9800000632,21,4,5,14,21659.69,Standard,2024-12-07,0,30.98
633,"Vidya Yadav",9800000633,45,0,3,25,44965.76,Platinum,2022-12-07,0,10.27
634,"Ishita Mehta",9800000634,21,3,3,9,30742.68,Premium,2024-12-07,0,30.74
635,"Sai Bose",9800000635,6,4,5,5,17370.10,Standard,2026-03-07,1,91.40
636,"Rachit Rao",9800000636,29,1,2,23,32088.95,Premium,2024-04-07,0,3.55
637,"Simran Patel",9800000637,22,1,3,12,34451.55,Premium,2024-11-07,1,57.24
638,"Priya Sharma",9800000638,11,3,1,10,23386.50,Standard,2025-10-07,1,55.65
639,"Aarohi Tiwari",9800000639,46,1,0,20,51661.72,Platinum,2022-11-07,0,2.92
640,"Ishita Singh",9800000640,21,2,3,14,33768.36,Premium,2024-12-07,0,45.03
641,"Navya Chopra",9800000641,10,4,5,3,10544.09,Basic,2025-11-07,1,90.14
642,"Payal Agarwal",9800000642,31,1,3,19,34141.84,Premium,2024-02-07,0,6.87
643,"Kritika Bhatt",9800000643,10,4,5,2,9267.40,Basic,2025-11-07,1,80.74
644,"Zara Pandey",9800000644,8,6,8,2,11195.49,Basic,2026-01-07,1,82.60
645,"Aisha Mukherjee",9800000645,1,5,5,4,19172.66,Standard,2026-08-07,1,89.52
646,"Preeti Mehta",9800000646,7,4,7,2,17708.75,Standard,2026-02-07,1,94.64
647,"Sara Naidu",9800000647,35,1,3,26,36446.29,Premium,2023-10-07,0,9.46
648,"Tanya Jain",9800000648,2,6,6,3,13749.34,Basic,2026-07-07,1,90.91
649,"Dev Chandra",9800000649,4,4,6,1,12637.09,Basic,2026-05-07,1,87.88
650,"Diya Sen",9800000650,46,1,2,20,45627.05,Platinum,2022-11-07,0,8.31
651,"Sanjay Mehta",9800000651,13,3,4,19,19056.11,Standard,2025-08-07,0,36.61
652,"Rohan Chauhan",9800000652,23,4,5,6,23907.98,Standard,2024-10-07,0,47.56
653,"Arjun Jain",9800000653,12,4,1,15,26843.29,Premium,2025-09-07,0,47.38
654,"Ramesh Chauhan",9800000654,25,2,3,16,29874.17,Premium,2024-08-07,1,51.23
655,"Vinay Chauhan",9800000655,48,1,0,23,34140.55,Premium,2022-09-07,0,4.84
656,"Zara Trivedi",9800000656,15,3,3,17,22797.17,Standard,2025-06-07,0,30.54
657,"Varun Naidu",9800000657,32,0,3,26,44351.17,Platinum,2024-01-07,0,3.80
658,"Aarohi Iyer",9800000658,3,4,5,3,14606.84,Standard,2026-06-07,1,93.42
659,"Akash Dutta",9800000659,47,0,3,20,35976.14,Premium,2022-10-07,0,9.71
660,"Suresh Sethi",9800000660,6,6,6,4,12514.35,Basic,2026-03-07,1,93.68
661,"Aarohi Yadav",9800000661,26,2,3,19,18099.49,Standard,2024-07-07,0,39.46
662,"Manish Ghosh",9800000662,47,0,2,18,50489.40,Platinum,2022-10-07,0,7.55
663,"Aditya Rao",9800000663,37,0,1,22,46160.23,Platinum,2023-08-07,0,10.31
664,"Vivaan Rao",9800000664,28,1,0,24,42829.34,Platinum,2024-05-07,0,11.95
665,"Aryan Chandra",9800000665,14,3,2,9,25091.36,Standard,2025-07-07,0,42.17
666,"Shreya Chatterjee",9800000666,11,1,1,13,16644.72,Standard,2025-10-07,1,56.21
667,"Devansh Kapoor",9800000667,5,4,7,1,10518.95,Basic,2026-04-07,1,93.88
668,"Aisha Yadav",9800000668,43,0,1,20,26018.77,Premium,2023-02-07,0,5.53
669,"Ananya Trivedi",9800000669,30,1,0,26,49436.95,Platinum,2024-03-07,0,7.08
670,"Vinay Bansal",9800000670,7,5,7,1,8405.36,Basic,2026-02-07,1,82.82
671,"Anita Das",9800000671,38,0,0,23,49762.11,Platinum,2023-07-07,0,3.75
672,"Arjun Rathi",9800000672,15,1,6,19,17217.50,Standard,2025-06-07,1,51.73
673,"Meenal Naidu",9800000673,26,3,1,11,24483.52,Standard,2024-07-07,0,29.43
674,"Ojas Kaur",9800000674,6,5,8,4,16319.87,Standard,2026-03-07,1,97.47
675,"Riya Bhatt",9800000675,27,3,1,18,21626.99,Standard,2024-06-07,1,52.67
676,"Ashok Bose",9800000676,6,6,7,3,12305.98,Basic,2026-03-07,1,81.33
677,"Payal Bansal",9800000677,6,6,8,3,12748.87,Basic,2026-03-07,1,79.15
678,"Preeti Shah",9800000678,16,1,2,19,15739.57,Standard,2025-05-07,1,51.36
679,"Aarohi Shah",9800000679,29,0,3,23,49157.01,Platinum,2024-04-07,0,7.74
680,"Zara Malhotra",9800000680,19,2,1,5,30990.44,Premium,2025-02-07,0,39.61
681,"Swati Ghosh",9800000681,42,0,2,25,27628.74,Premium,2023-03-07,0,2.74
682,"Komal Bansal",9800000682,38,1,0,26,50695.98,Platinum,2023-07-07,0,10.51
683,"Preeti Arora",9800000683,44,0,0,21,42840.83,Platinum,2023-01-07,0,6.94
684,"Sai Mahajan",9800000684,15,1,1,14,22886.27,Standard,2025-06-07,0,42.36
685,"Meera Mahajan",9800000685,30,0,2,28,31590.00,Premium,2024-03-07,0,7.17
686,"Sunita Rathi",9800000686,16,2,4,6,31181.02,Premium,2025-05-07,0,37.12
687,"Deepak Agarwal",9800000687,9,5,5,3,13738.11,Basic,2025-12-07,1,83.49
688,"Dev Iyer",9800000688,3,6,6,2,12323.80,Basic,2026-06-07,1,90.10
689,"Deepak Sethi",9800000689,10,5,6,5,11833.95,Basic,2025-11-07,1,87.96
690,"Ashok Yadav",9800000690,20,4,2,17,15802.70,Standard,2025-01-07,0,29.80
691,"Meera Chandra",9800000691,21,2,3,15,34607.77,Premium,2024-12-07,1,57.26
692,"Sneha Bhatt",9800000692,14,3,2,19,19945.56,Standard,2025-07-07,0,32.23
693,"Sunita Khanna",9800000693,41,0,1,23,48653.54,Platinum,2023-04-07,0,3.90
694,"Varun Sen",9800000694,20,4,1,7,31054.44,Premium,2025-01-07,1,57.00
695,"Bhavya Dutta",9800000695,5,5,8,3,13083.03,Basic,2026-04-07,1,86.62
696,"Rohan Trivedi",9800000696,39,0,3,18,42335.86,Platinum,2023-06-07,0,7.53
697,"Preeti Chandra",9800000697,19,1,2,8,23743.87,Standard,2025-02-07,0,38.17
698,"Vihaan Das",9800000698,9,5,5,1,12281.55,Basic,2025-12-07,1,94.08
699,"Rachana Sen",9800000699,27,2,3,15,25896.77,Standard,2024-06-07,1,50.18
700,"Kavya Yadav",9800000700,27,4,6,14,15183.01,Standard,2024-06-07,0,37.94
701,"Deepak Dutta",9800000701,11,4,3,12,31835.23,Premium,2025-10-07,0,33.12
702,"Ashok Rathi",9800000702,40,0,1,18,48406.25,Platinum,2023-05-07,0,3.91
703,"Vinay Kulkarni",9800000703,4,5,8,1,11112.10,Basic,2026-05-07,1,89.22
704,"Anita Saxena",9800000704,16,4,5,15,22434.55,Standard,2025-05-07,1,54.03
705,"Rachana Mahajan",9800000705,8,4,6,3,9349.20,Basic,2026-01-07,1,97.46
706,"Pranav Malhotra",9800000706,43,1,3,23,51213.82,Platinum,2023-02-07,0,9.22
707,"Priya Deshmukh",9800000707,40,1,2,20,29451.56,Premium,2023-05-07,0,9.14
708,"Ayesha Jain",9800000708,34,0,2,26,41647.28,Platinum,2023-11-07,0,8.16
709,"Anita Mahajan",9800000709,9,4,6,1,9981.76,Basic,2025-12-07,1,87.45
710,"Rohan Bhatt",9800000710,9,4,8,4,9196.74,Basic,2025-12-07,1,97.28
711,"Neha Mukherjee",9800000711,30,0,0,20,50051.26,Platinum,2024-03-07,0,11.34
712,"Pranav Das",9800000712,5,4,5,3,8643.80,Basic,2026-04-07,1,97.66
713,"Sanjay Pillai",9800000713,15,4,3,11,29306.84,Premium,2025-06-07,0,49.93
714,"Snehal Banerjee",9800000714,6,5,6,2,11832.35,Basic,2026-03-07,1,86.11
715,"Harsh Deshmukh",9800000715,2,4,6,4,9488.28,Basic,2026-07-07,1,83.22
716,"Aditi Agarwal",9800000716,37,0,2,28,42835.63,Platinum,2023-08-07,0,8.68
717,"Sara Rao",9800000717,27,3,6,8,35406.36,Premium,2024-06-07,0,39.03
718,"Anika Rana",9800000718,25,3,4,20,34019.95,Premium,2024-08-07,1,52.77
719,"Kabir Desai",9800000719,30,1,2,19,41346.51,Platinum,2024-03-07,0,10.29
720,"Aditya Banerjee",9800000720,16,3,5,19,17259.42,Standard,2025-05-07,0,45.49
721,"Tarun Dutta",9800000721,42,0,3,25,46705.57,Platinum,2023-03-07,0,8.73
722,"Karan Kapoor",9800000722,11,2,5,7,18789.82,Standard,2025-10-07,0,29.91
723,"Rudra Trivedi",9800000723,7,4,6,4,13348.00,Basic,2026-02-07,1,86.97
724,"Sara Sharma",9800000724,45,0,2,19,32447.10,Premium,2022-12-07,0,7.29
725,"Kavya Iyer",9800000725,42,1,3,21,30153.92,Premium,2023-03-07,0,4.76
726,"Sneha Jain",9800000726,11,2,2,7,15369.34,Standard,2025-10-07,0,45.93
727,"Aisha Rathi",9800000727,8,4,6,1,13960.90,Basic,2026-01-07,1,82.68
728,"Swati Bansal",9800000728,3,6,6,4,8365.75,Basic,2026-06-07,1,96.97
729,"Yash Agarwal",9800000729,12,3,6,17,29187.34,Premium,2025-09-07,0,40.49
730,"Karan Arora",9800000730,9,5,6,2,12245.46,Basic,2025-12-07,1,94.12
731,"Charu Shah",9800000731,45,0,3,21,29963.16,Premium,2022-12-07,0,2.79
732,"Anjali Chandra",9800000732,17,1,3,17,32029.22,Premium,2025-04-07,1,54.21
733,"Priya Tiwari",9800000733,45,0,3,21,43995.57,Platinum,2022-12-07,0,11.57
734,"Rohan Mahajan",9800000734,31,1,1,27,44759.58,Platinum,2024-02-07,0,4.39
735,"Nikita Chandra",9800000735,22,3,3,16,20470.05,Standard,2024-11-07,0,30.96
736,"Bhavya Arora",9800000736,39,1,3,18,42655.29,Platinum,2023-06-07,0,3.46
737,"Ojas Arora",9800000737,24,3,2,11,19178.24,Standard,2024-09-07,1,53.00
738,"Jyoti Joshi",9800000738,38,1,3,28,45529.95,Platinum,2023-07-07,0,9.33
739,"Payal Singh",9800000739,43,0,0,26,36160.37,Premium,2023-02-07,0,11.45
740,"Simran Bansal",9800000740,18,1,6,9,20563.06,Standard,2025-03-07,0,39.20
741,"Diya Sethi",9800000741,43,1,0,18,44936.06,Platinum,2023-02-07,0,2.17
742,"Kritika Bose",9800000742,7,4,5,1,9445.81,Basic,2026-02-07,1,90.40
743,"Anita Mehta",9800000743,30,1,3,25,51882.80,Platinum,2024-03-07,0,4.26
744,"Mohit Saxena",9800000744,7,5,8,1,12217.07,Basic,2026-02-07,1,79.65
745,"Gaurav Iyer",9800000745,14,1,2,11,32922.88,Premium,2025-07-07,0,45.00
746,"Shruti Kapoor",9800000746,36,0,1,23,28485.90,Premium,2023-09-07,0,3.44
747,"Suraj Dutta",9800000747,4,6,8,5,12533.66,Basic,2026-05-07,1,80.80
748,"Rakesh Chauhan",9800000748,22,1,1,18,15836.20,Standard,2024-11-07,0,46.16
749,"Mohit Kumar",9800000749,38,0,2,25,44269.73,Platinum,2023-07-07,0,11.41
750,"Kiran Gupta",9800000750,30,1,1,19,27850.65,Premium,2024-03-07,0,9.12
751,"Aditya Kumar",9800000751,14,1,1,14,23374.81,Standard,2025-07-07,0,31.07
752,"Rohan Trivedi",9800000752,27,4,1,5,21096.42,Standard,2024-06-07,0,45.91
753,"Gaurav Agarwal",9800000753,7,4,6,5,12111.90,Basic,2026-02-07,1,81.39
754,"Kritika Jain",9800000754,13,2,4,13,20326.54,Standard,2025-08-07,0,30.31
755,"Simran Trivedi",9800000755,17,4,1,9,25437.06,Standard,2025-04-07,0,37.97
756,"Swati Mukherjee",9800000756,24,2,3,15,32952.92,Premium,2024-09-07,0,42.37
757,"Kavya Menon",9800000757,8,6,6,3,12898.97,Basic,2026-01-07,1,85.86
758,"Suraj Kapoor",9800000758,16,1,6,19,28096.48,Premium,2025-05-07,1,51.93
759,"Rohan Deshmukh",9800000759,32,1,1,22,48582.84,Platinum,2024-01-07,0,9.89
760,"Advait Chauhan",9800000760,23,4,5,6,29595.29,Premium,2024-10-07,1,54.87
761,"Ramesh Saxena",9800000761,31,0,2,20,40531.56,Platinum,2024-02-07,0,11.84
762,"Zara Sen",9800000762,38,1,0,18,28664.01,Premium,2023-07-07,0,9.47
763,"Rachit Reddy",9800000763,6,5,8,5,8904.47,Basic,2026-03-07,1,97.95
764,"Vihaan Kulkarni",9800000764,13,1,6,9,18773.73,Standard,2025-08-07,1,51.53
765,"Manish Saxena",9800000765,25,4,3,7,23912.05,Standard,2024-08-07,0,31.45
766,"Suresh Mukherjee",9800000766,33,0,1,26,32718.19,Premium,2023-12-07,0,11.58
767,"Rahul Ghosh",9800000767,7,5,5,5,16697.45,Standard,2026-02-07,1,86.59
768,"Bhavya Pandey",9800000768,2,6,5,5,9955.91,Basic,2026-07-07,1,87.15
769,"Simran Kumar",9800000769,21,4,5,17,29479.25,Premium,2024-12-07,1,53.37
770,"Suraj Gupta",9800000770,37,0,1,23,29664.56,Premium,2023-08-07,0,3.83
771,"Swati Arora",9800000771,15,4,4,10,20911.17,Standard,2025-06-07,1,55.57
772,"Ira Nair",9800000772,15,2,3,19,34655.22,Premium,2025-06-07,1,56.56
773,"Akash Mehta",9800000773,45,1,3,28,48521.71,Platinum,2022-12-07,0,6.44
774,"Dev Thakur",9800000774,4,5,5,3,9732.02,Basic,2026-05-07,1,93.61
775,"Ashok Sethi",9800000775,14,1,3,16,23324.65,Standard,2025-07-07,1,50.80
776,"Ashok Malhotra",9800000776,31,0,2,18,44182.92,Platinum,2024-02-07,0,10.17
777,"Kartik Tiwari",9800000777,10,6,7,5,8995.89,Basic,2025-11-07,1,80.78
778,"Ramesh Reddy",9800000778,19,2,3,14,17940.77,Standard,2025-02-07,1,53.74
779,"Rohan Jain",9800000779,41,0,2,28,36392.95,Premium,2023-04-07,0,4.50
780,"Vidya Banerjee",9800000780,19,4,4,19,23740.58,Standard,2025-02-07,1,51.07
781,"Aditya Dutta",9800000781,6,5,8,3,13213.45,Basic,2026-03-07,1,94.94
782,"Gaurav Rathi",9800000782,22,1,5,17,19726.07,Standard,2024-11-07,0,34.36
783,"Ananya Malhotra",9800000783,15,4,3,6,21887.97,Standard,2025-06-07,1,53.10
784,"Diya Mehta",9800000784,11,4,2,9,29018.66,Premium,2025-10-07,1,54.23
785,"Suresh Bhatia",9800000785,13,3,6,10,21881.65,Standard,2025-08-07,0,49.78
786,"Ashok Sharma",9800000786,2,4,6,4,11562.08,Basic,2026-07-07,1,88.39
787,"Manish Reddy",9800000787,31,1,1,25,30596.84,Premium,2024-02-07,0,9.31
788,"Dev Sharma",9800000788,20,2,4,9,32771.37,Premium,2025-01-07,0,30.05
789,"Ashok Tiwari",9800000789,42,1,1,28,51038.73,Platinum,2023-03-07,0,8.16
790,"Diya Saxena",9800000790,32,0,3,23,43774.04,Platinum,2024-01-07,0,3.40
791,"Vihaan Chauhan",9800000791,10,6,7,1,17950.43,Standard,2025-11-07,1,84.03
792,"Nitin Kapoor",9800000792,7,5,5,2,8676.46,Basic,2026-02-07,1,87.99
793,"Riya Rana",9800000793,28,1,2,20,50067.68,Platinum,2024-05-07,0,6.21
794,"Shruti Banerjee",9800000794,30,0,0,18,26477.92,Premium,2024-03-07,0,2.60
795,"Diya Mehta",9800000795,27,4,4,17,20902.21,Standard,2024-06-07,0,46.48
796,"Sanjay Kapoor",9800000796,4,4,7,4,12579.34,Basic,2026-05-07,1,91.00
797,"Karan Agarwal",9800000797,35,0,1,19,41391.84,Platinum,2023-10-07,0,8.12
798,"Bhavya Joshi",9800000798,3,6,5,2,10080.23,Basic,2026-06-07,1,88.34
799,"Bhavya Ghosh",9800000799,5,6,5,1,10575.95,Basic,2026-04-07,1,88.48
800,"Manish Menon",9800000800,27,3,1,20,27668.81,Premium,2024-06-07,0,32.72
801,"Yash Kumar",9800000801,35,0,0,18,31661.18,Premium,2023-10-07,0,5.83
802,"Rohan Menon",9800000802,24,2,3,12,22923.17,Standard,2024-09-07,0,36.14
803,"Aditi Bhatt",9800000803,1,4,6,5,19724.48,Standard,2026-08-07,1,79.38
804,"Anika Das",9800000804,25,1,3,11,23629.58,Standard,2024-08-07,1,50.19
805,"Riya Bose",9800000805,26,2,6,12,25256.37,Standard,2024-07-07,0,28.72
806,"Kartik Chatterjee",9800000806,28,1,0,28,48856.99,Platinum,2024-05-07,0,5.08
807,"Vihaan Yadav",9800000807,12,2,6,13,25134.02,Standard,2025-09-07,1,54.92
808,"Dev Singh",9800000808,42,0,0,26,35839.55,Premium,2023-03-07,0,2.75
809,"Rohan Rathi",9800000809,32,0,2,22,51112.50,Platinum,2024-01-07,0,5.93
810,"Raj Yadav",9800000810,2,4,6,5,8633.95,Basic,2026-07-07,1,86.99
811,"Anita Agarwal",9800000811,17,4,3,19,16319.05,Standard,2025-04-07,0,32.73
812,"Myra Singh",9800000812,29,0,2,20,28978.63,Premium,2024-04-07,0,5.56
813,"Manish Nair",9800000813,3,4,8,4,11300.73,Basic,2026-06-07,1,79.89
814,"Farhan Sen",9800000814,4,4,6,4,11781.79,Basic,2026-05-07,1,90.89
815,"Yash Malhotra",9800000815,30,0,0,21,45321.18,Platinum,2024-03-07,0,3.29
816,"Jyoti Tiwari",9800000816,29,0,3,24,44592.75,Platinum,2024-04-07,0,6.27
817,"Sai Arora",9800000817,8,4,5,5,9474.71,Basic,2026-01-07,1,83.90
818,"Deepak Sethi",9800000818,5,5,6,4,13307.92,Basic,2026-04-07,1,88.52
819,"Ritu Verma",9800000819,39,1,3,23,46028.72,Platinum,2023-06-07,0,5.88
820,"Sunita Reddy",9800000820,11,3,1,20,23435.26,Standard,2025-10-07,1,57.99
821,"Swati Kumar",9800000821,36,0,1,27,49568.69,Platinum,2023-09-07,0,5.55
822,"Anjali Khanna",9800000822,22,1,6,16,31636.06,Premium,2024-11-07,0,44.89
823,"Rahul Naidu",9800000823,26,1,1,6,17406.90,Standard,2024-07-07,0,43.79
824,"Tanya Mahajan",9800000824,3,5,6,3,8886.27,Basic,2026-06-07,1,92.09
825,"Aryan Joshi",9800000825,39,0,2,28,41212.39,Platinum,2023-06-07,0,5.02
826,"Sara Pandey",9800000826,43,1,1,26,51146.14,Platinum,2023-02-07,0,9.87
827,"Aisha Mukherjee",9800000827,40,1,2,20,26021.57,Premium,2023-05-07,0,9.02
828,"Rohan Jain",9800000828,10,5,6,5,10977.11,Basic,2025-11-07,1,84.62
829,"Priya Pillai",9800000829,33,0,2,25,28516.21,Premium,2023-12-07,0,8.93
830,"Rudra Bose",9800000830,29,1,3,24,50614.62,Platinum,2024-04-07,0,6.93
831,"Raj Pillai",9800000831,26,2,2,19,24303.39,Standard,2024-07-07,0,36.85
832,"Nitin Patel",9800000832,3,5,6,1,13388.75,Basic,2026-06-07,1,79.86
833,"Sai Kaur",9800000833,41,0,3,20,29973.13,Premium,2023-04-07,0,11.74
834,"Ira Gupta",9800000834,45,1,2,22,26595.63,Premium,2022-12-07,0,7.72
835,"Saanvi Mehta",9800000835,24,1,3,20,15283.09,Standard,2024-09-07,0,33.12
836,"Krishna Kumar",9800000836,37,1,3,25,43180.05,Platinum,2023-08-07,0,8.42
837,"Gaurav Menon",9800000837,39,0,3,18,31580.70,Premium,2023-06-07,0,4.26
838,"Karan Trivedi",9800000838,2,4,7,5,12538.74,Basic,2026-07-07,1,82.55
839,"Kabir Menon",9800000839,26,2,4,14,24930.55,Standard,2024-07-07,0,49.43
840,"Anjali Nair",9800000840,47,0,0,25,37812.42,Premium,2022-10-07,0,11.72
841,"Divya Mehta",9800000841,24,2,6,9,28578.86,Premium,2024-09-07,1,55.32
842,"Ayesha Chatterjee",9800000842,21,3,5,19,26123.64,Premium,2024-12-07,0,49.01
843,"Advait Bose",9800000843,3,4,5,1,8605.94,Basic,2026-06-07,1,83.72
844,"Anita Kaur",9800000844,8,6,8,1,10417.84,Basic,2026-01-07,1,90.36
845,"Ananya Naidu",9800000845,6,6,6,1,13525.01,Basic,2026-03-07,1,95.94
846,"Rohan Chopra",9800000846,26,1,2,9,23180.96,Standard,2024-07-07,1,51.22
847,"Vihaan Shah",9800000847,13,2,4,11,30071.70,Premium,2025-08-07,0,42.53
848,"Vikram Kumar",9800000848,16,1,3,17,24364.25,Standard,2025-05-07,1,54.38
849,"Diya Shah",9800000849,34,0,1,18,51016.37,Platinum,2023-11-07,0,9.05
850,"Nikita Sen",9800000850,14,1,2,16,19907.14,Standard,2025-07-07,1,56.82
851,"Aisha Mahajan",9800000851,16,3,6,7,19252.22,Standard,2025-05-07,0,32.89
852,"Anita Sharma",9800000852,48,0,1,22,46159.37,Platinum,2022-09-07,0,10.65
853,"Sanjay Chopra",9800000853,48,0,0,21,35661.03,Premium,2022-09-07,0,5.05
854,"Shruti Sen",9800000854,39,1,2,21,48126.35,Platinum,2023-06-07,0,10.24
855,"Diya Bansal",9800000855,6,6,7,3,10890.43,Basic,2026-03-07,1,84.73
856,"Nitin Mukherjee",9800000856,36,1,1,20,42883.62,Platinum,2023-09-07,0,2.57
857,"Farhan Ghosh",9800000857,28,1,2,22,44855.19,Platinum,2024-05-07,0,9.37
858,"Vinay Arora",9800000858,38,0,3,28,43602.34,Platinum,2023-07-07,0,3.70
859,"Yash Saxena",9800000859,8,4,7,5,15098.41,Standard,2026-01-07,1,91.59
860,"Saanvi Das",9800000860,4,6,7,4,15987.90,Standard,2026-05-07,1,83.21
861,"Sneha Gupta",9800000861,13,4,2,8,29816.69,Premium,2025-08-07,0,36.95
862,"Ira Naidu",9800000862,38,1,3,20,34588.02,Premium,2023-07-07,0,9.79
863,"Sunita Khanna",9800000863,12,1,4,13,23508.96,Standard,2025-09-07,0,45.29
864,"Advait Desai",9800000864,7,6,8,4,10864.40,Basic,2026-02-07,1,78.09
865,"Priya Agarwal",9800000865,38,0,0,28,34803.24,Premium,2023-07-07,0,4.26
866,"Devansh Dutta",9800000866,9,6,7,2,8274.31,Basic,2025-12-07,1,96.97
867,"Anjali Joshi",9800000867,21,4,6,9,24915.22,Standard,2024-12-07,0,38.78
868,"Preeti Ghosh",9800000868,4,6,6,2,11538.16,Basic,2026-05-07,1,81.38
869,"Suraj Malhotra",9800000869,19,1,5,6,32535.68,Premium,2025-02-07,0,28.59
870,"Navya Pandey",9800000870,14,3,4,9,22543.14,Standard,2025-07-07,0,28.28
871,"Manish Khanna",9800000871,36,0,3,19,47412.38,Platinum,2023-09-07,0,4.83
872,"Kartik Kaur",9800000872,19,2,3,18,15433.46,Standard,2025-02-07,0,42.89
873,"Yash Mehta",9800000873,11,1,6,7,34352.32,Premium,2025-10-07,0,48.07
874,"Pooja Kumar",9800000874,2,5,6,4,15776.13,Standard,2026-07-07,1,87.29
875,"Aryan Pandey",9800000875,39,1,3,19,35098.45,Premium,2023-06-07,0,2.46
876,"Vidya Das",9800000876,25,3,6,7,18769.95,Standard,2024-08-07,0,31.41
877,"Sunita Reddy",9800000877,43,1,1,19,34716.93,Premium,2023-02-07,0,11.82
878,"Anita Dutta",9800000878,43,1,1,27,44303.19,Platinum,2023-02-07,0,2.29
879,"Ramesh Chatterjee",9800000879,26,1,4,19,17877.74,Standard,2024-07-07,0,37.43
880,"Vinay Rana",9800000880,18,3,5,8,22993.17,Standard,2025-03-07,0,42.46
881,"Akash Kapoor",9800000881,12,1,6,10,20162.18,Standard,2025-09-07,0,42.88
882,"Ishita Das",9800000882,21,3,1,12,29786.38,Premium,2024-12-07,1,52.51
883,"Ananya Reddy",9800000883,42,0,3,25,37768.05,Premium,2023-03-07,0,9.45
884,"Devansh Naidu",9800000884,11,1,5,14,31623.33,Premium,2025-10-07,0,47.64
885,"Preeti Ghosh",9800000885,35,1,2,26,47199.41,Platinum,2023-10-07,0,9.17
886,"Vihaan Shah",9800000886,4,4,7,3,19786.60,Standard,2026-05-07,1,83.84
887,"Shruti Tiwari",9800000887,3,5,6,4,11665.11,Basic,2026-06-07,1,81.75
888,"Siddharth Mahajan",9800000888,34,1,0,24,33598.89,Premium,2023-11-07,0,8.72
889,"Farhan Kulkarni",9800000889,27,2,4,5,15534.29,Standard,2024-06-07,1,56.06
890,"Kabir Trivedi",9800000890,33,0,1,19,47206.55,Platinum,2023-12-07,0,10.83
891,"Sai Chauhan",9800000891,35,1,3,23,45434.15,Platinum,2023-10-07,0,3.33
892,"Ramesh Nair",9800000892,9,5,6,2,12286.31,Basic,2025-12-07,1,91.73
893,"Ramesh Thakur",9800000893,21,1,3,20,35426.74,Premium,2024-12-07,0,49.30
894,"Gaurav Chandra",9800000894,7,4,5,1,8318.39,Basic,2026-02-07,1,79.13
895,"Charu Reddy",9800000895,36,0,0,22,32494.07,Premium,2023-09-07,0,5.59
896,"Suraj Pandey",9800000896,45,0,3,21,49562.00,Platinum,2022-12-07,0,8.96
897,"Ashok Rao",9800000897,40,1,2,26,34924.04,Premium,2023-05-07,0,4.03
898,"Swati Thakur",9800000898,45,0,1,22,51801.44,Platinum,2022-12-07,0,2.74
899,"Rahul Naidu",9800000899,1,5,7,5,8965.57,Basic,2026-08-07,1,94.92
900,"Vinay Agarwal",9800000900,32,0,1,23,49283.93,Platinum,2024-01-07,0,8.25
901,"Kabir Joshi",9800000901,45,1,0,23,51483.85,Platinum,2022-12-07,0,7.21
902,"Saanvi Tiwari",9800000902,23,1,3,12,32633.34,Premium,2024-10-07,0,37.93
903,"Simran Jain",9800000903,11,1,6,16,24949.46,Standard,2025-10-07,0,46.41
904,"Vihaan Mahajan",9800000904,38,1,0,24,34687.71,Premium,2023-07-07,0,2.25
905,"Ishita Reddy",9800000905,27,4,4,6,22166.81,Standard,2024-06-07,0,37.61
906,"Snehal Reddy",9800000906,45,0,0,21,49282.99,Platinum,2022-12-07,0,10.65
907,"Rohan Singh",9800000907,24,1,6,9,22885.55,Standard,2024-09-07,0,29.14
908,"Raj Verma",9800000908,45,0,1,22,45413.51,Platinum,2022-12-07,0,6.04
909,"Kabir Reddy",9800000909,45,0,0,27,36179.01,Premium,2022-12-07,0,5.58
910,"Sunita Sethi",9800000910,37,0,2,25,49865.47,Platinum,2023-08-07,0,2.31
911,"Sanjay Shah",9800000911,7,6,7,2,13321.87,Basic,2026-02-07,1,97.31
912,"Ishita Agarwal",9800000912,15,1,1,5,29940.82,Premium,2025-06-07,0,44.43
913,"Rakesh Pillai",9800000913,39,0,3,28,41709.46,Platinum,2023-06-07,0,3.84
914,"Reyansh Dutta",9800000914,10,4,8,5,12030.11,Basic,2025-11-07,1,83.01
915,"Ira Deshmukh",9800000915,39,0,1,19,26837.71,Premium,2023-06-07,0,3.93
916,"Raj Jain",9800000916,20,2,5,16,35586.59,Premium,2025-01-07,0,33.06
917,"Aditi Deshmukh",9800000917,48,1,2,23,34795.67,Premium,2022-09-07,0,10.78
918,"Aryan Sethi",9800000918,43,0,1,28,50101.52,Platinum,2023-02-07,0,10.59
919,"Farhan Mukherjee",9800000919,2,6,5,1,17789.76,Standard,2026-07-07,1,94.25
920,"Ayesha Dutta",9800000920,45,1,3,28,44389.82,Platinum,2022-12-07,0,4.23
921,"Rakesh Rana",9800000921,9,6,5,4,8063.55,Basic,2025-12-07,1,82.78
922,"Tanya Thakur",9800000922,32,1,1,20,46789.75,Platinum,2024-01-07,0,10.72
923,"Kartik Chatterjee",9800000923,29,0,3,21,30433.22,Premium,2024-04-07,0,2.43
924,"Diya Thakur",9800000924,25,1,1,15,25652.86,Standard,2024-08-07,0,47.01
925,"Vihaan Pillai",9800000925,16,4,6,17,22186.70,Standard,2025-05-07,1,53.06
926,"Kabir Nair",9800000926,35,1,2,23,45785.32,Platinum,2023-10-07,0,8.04
927,"Siddharth Pandey",9800000927,2,6,7,2,8944.14,Basic,2026-07-07,1,90.04
928,"Sai Verma",9800000928,21,1,4,20,21498.70,Standard,2024-12-07,0,47.42
929,"Karan Joshi",9800000929,10,6,6,2,8235.15,Basic,2025-11-07,1,89.45
930,"Shreya Kulkarni",9800000930,44,1,0,28,51367.05,Platinum,2023-01-07,0,4.17
931,"Bhavya Joshi",9800000931,7,6,6,5,15091.30,Standard,2026-02-07,1,91.19
932,"Kabir Rana",9800000932,47,0,1,24,41302.84,Platinum,2022-10-07,0,4.02
933,"Advait Banerjee",9800000933,47,0,1,25,47197.77,Platinum,2022-10-07,0,10.78
934,"Aarohi Bhatia",9800000934,3,6,5,4,10222.26,Basic,2026-06-07,1,78.87
935,"Aisha Reddy",9800000935,43,1,2,27,50894.31,Platinum,2023-02-07,0,10.37
936,"Rahul Ghosh",9800000936,8,4,5,3,11262.39,Basic,2026-01-07,1,83.16
937,"Yash Bhatia",9800000937,14,1,4,11,29159.02,Premium,2025-07-07,0,38.87
938,"Kartik Yadav",9800000938,19,4,5,16,35917.99,Premium,2025-02-07,0,39.92
939,"Priya Mahajan",9800000939,43,0,2,26,43045.33,Platinum,2023-02-07,0,5.07
940,"Ansh Patel",9800000940,31,0,3,20,32100.12,Premium,2024-02-07,0,9.86
941,"Sara Shah",9800000941,1,4,6,4,16612.26,Standard,2026-08-07,1,79.28
942,"Swati Bansal",9800000942,23,4,5,14,31974.73,Premium,2024-10-07,1,56.37
943,"Rakesh Joshi",9800000943,17,3,2,6,31105.48,Premium,2025-04-07,0,48.95
944,"Payal Mukherjee",9800000944,4,6,5,2,9655.62,Basic,2026-05-07,1,85.99
945,"Zara Sen",9800000945,27,1,6,7,31495.93,Premium,2024-06-07,0,49.78
946,"Swati Yadav",9800000946,19,2,5,11,19443.52,Standard,2025-02-07,0,28.14
947,"Advait Menon",9800000947,2,6,7,3,18817.65,Standard,2026-07-07,1,97.13
948,"Ayesha Verma",9800000948,40,1,1,23,45506.18,Platinum,2023-05-07,0,6.61
949,"Advait Sharma",9800000949,2,5,6,2,16474.56,Standard,2026-07-07,1,85.06
950,"Varun Menon",9800000950,2,5,7,1,9070.91,Basic,2026-07-07,1,84.28
951,"Reyansh Jain",9800000951,4,5,6,2,13236.45,Basic,2026-05-07,1,82.14
952,"Arjun Kulkarni",9800000952,2,4,5,4,12585.47,Basic,2026-07-07,1,88.83
953,"Sara Chandra",9800000953,26,3,4,10,35160.07,Premium,2024-07-07,0,36.41
954,"Swati Das",9800000954,9,5,8,5,10083.73,Basic,2025-12-07,1,95.21
955,"Preeti Patel",9800000955,42,1,0,18,44553.14,Platinum,2023-03-07,0,3.01
956,"Snehal Tiwari",9800000956,5,4,7,4,16058.58,Standard,2026-04-07,1,81.68
957,"Anita Rao",9800000957,39,1,3,22,46856.92,Platinum,2023-06-07,0,11.79
958,"Priya Kumar",9800000958,35,1,3,21,37509.78,Premium,2023-10-07,0,3.50
959,"Pooja Kaur",9800000959,27,3,4,14,24443.52,Standard,2024-06-07,0,29.43
960,"Zara Pillai",9800000960,5,5,5,4,9558.61,Basic,2026-04-07,1,85.21
961,"Pranav Bose",9800000961,2,5,6,5,11894.79,Basic,2026-07-07,1,81.49
962,"Akash Bansal",9800000962,43,1,0,24,45565.02,Platinum,2023-02-07,0,11.57
963,"Gaurav Chauhan",9800000963,23,1,1,10,18448.30,Standard,2024-10-07,0,47.59
964,"Harsh Pandey",9800000964,25,3,6,19,17022.75,Standard,2024-08-07,0,28.69
965,"Ansh Singh",9800000965,30,0,1,24,26765.51,Premium,2024-03-07,0,10.79
966,"Krishna Agarwal",9800000966,44,0,0,22,41011.74,Platinum,2023-01-07,0,11.32
967,"Jyoti Rathi",9800000967,5,5,6,2,9023.65,Basic,2026-04-07,1,78.70
968,"Dev Bhatia",9800000968,19,4,2,10,30565.43,Premium,2025-02-07,1,50.47
969,"Bhavya Gupta",9800000969,20,3,4,12,30418.60,Premium,2025-01-07,0,38.97
970,"Rachit Agarwal",9800000970,9,4,7,3,8049.90,Basic,2025-12-07,1,96.44
971,"Shruti Jain",9800000971,37,0,0,26,44940.83,Platinum,2023-08-07,0,7.61
972,"Rakesh Kaur",9800000972,48,1,3,21,31066.87,Premium,2022-09-07,0,4.40
973,"Kiran Das",9800000973,9,5,8,2,15094.44,Standard,2025-12-07,1,83.79
974,"Ritu Reddy",9800000974,10,5,6,3,8297.79,Basic,2025-11-07,1,88.70
975,"Navya Agarwal",9800000975,8,6,5,2,8088.35,Basic,2026-01-07,1,82.34
976,"Shruti Kapoor",9800000976,42,0,2,19,51419.73,Platinum,2023-03-07,0,2.56
977,"Ashok Jain",9800000977,17,3,4,5,23449.60,Standard,2025-04-07,0,35.47
978,"Tarun Rathi",9800000978,34,1,0,26,42501.37,Platinum,2023-11-07,0,5.89
979,"Payal Tiwari",9800000979,12,1,3,20,27987.24,Premium,2025-09-07,1,54.63
980,"Anika Sharma",9800000980,7,5,5,2,17508.18,Standard,2026-02-07,1,85.92
981,"Manish Chandra",9800000981,26,2,3,7,20499.11,Standard,2024-07-07,0,48.58
982,"Zara Saxena",9800000982,6,6,6,5,14754.96,Standard,2026-03-07,1,82.65
983,"Ira Ghosh",9800000983,42,0,0,24,41616.79,Platinum,2023-03-07,0,10.99
984,"Nitin Arora",9800000984,26,2,5,10,18560.49,Standard,2024-07-07,0,42.05
985,"Kabir Trivedi",9800000985,3,5,7,3,10724.47,Basic,2026-06-07,1,93.52
986,"Krishna Desai",9800000986,47,1,1,23,47899.47,Platinum,2022-10-07,0,7.39
987,"Vinay Kapoor",9800000987,45,0,2,23,43864.29,Platinum,2022-12-07,0,2.96
988,"Sanjay Trivedi",9800000988,32,0,0,21,28299.40,Premium,2024-01-07,0,2.32
989,"Kartik Saxena",9800000989,19,1,3,12,26708.74,Premium,2025-02-07,1,55.91
990,"Vivaan Ghosh",9800000990,30,1,0,23,51258.93,Platinum,2024-03-07,0,6.16
991,"Pooja Dutta",9800000991,36,0,0,22,28590.80,Premium,2023-09-07,0,7.19
992,"Zara Yadav",9800000992,17,2,5,12,35475.03,Premium,2025-04-07,0,44.75
993,"Vidya Banerjee",9800000993,10,5,8,4,15000.86,Standard,2025-11-07,1,81.61
994,"Sai Chandra",9800000994,45,1,2,23,51962.20,Platinum,2022-12-07,0,10.45
995,"Charu Deshmukh",9800000995,38,0,1,24,51113.76,Platinum,2023-07-07,0,4.54
996,"Sara Tiwari",9800000996,1,5,5,5,13341.95,Basic,2026-08-07,1,78.13
997,"Preeti Sen",9800000997,5,6,6,1,10133.93,Basic,2026-04-07,1,80.77
998,"Rachit Kumar",9800000998,5,4,8,5,18405.60,Standard,2026-04-07,1,92.47
999,"Karan Mahajan",9800000999,46,0,2,18,46915.40,Platinum,2022-11-07,0,2.78
1000,"Kiran Mahajan",9800001000,24,4,1,12,34494.78,Premium,2024-09-07,1,55.86
1001,"Ramesh Dutta",9800001001,20,1,3,9,22675.46,Standard,2025-01-07,0,32.60
1002,"Ishita Kulkarni",9800001002,47,0,1,24,30731.87,Premium,2022-10-07,0,3.32
1003,"Aryan Kulkarni",9800001003,45,1,2,19,45213.89,Platinum,2022-12-07,0,8.98
1004,"Rohan Chopra",9800001004,7,6,6,5,12414.01,Basic,2026-02-07,1,82.92
1005,"Nitin Saxena",9800001005,13,1,6,18,18831.39,Standard,2025-08-07,0,37.62
1006,"Reyansh Rana",9800001006,33,1,3,27,26538.53,Premium,2023-12-07,0,10.18
1007,"Pranav Sharma",9800001007,2,4,5,2,19560.38,Standard,2026-07-07,1,95.38
1008,"Kartik Sethi",9800001008,31,1,3,25,28508.11,Premium,2024-02-07,0,7.38
1009,"Arjun Pillai",9800001009,45,1,1,28,32996.06,Premium,2022-12-07,0,8.64
1010,"Vinay Chopra",9800001010,4,6,7,1,13671.06,Basic,2026-05-07,1,79.33
1011,"Raj Khanna",9800001011,28,1,3,21,46102.48,Platinum,2024-05-07,0,9.10
1012,"Aarohi Agarwal",9800001012,16,2,5,19,33124.69,Premium,2025-05-07,0,29.19
1013,"Kabir Chopra",9800001013,16,1,3,16,18325.59,Standard,2025-05-07,1,57.88
1014,"Aryan Mehta",9800001014,23,1,5,13,18759.65,Standard,2024-10-07,0,39.79
1015,"Charu Sethi",9800001015,18,4,2,9,18436.21,Standard,2025-03-07,0,46.16
1016,"Aryan Bhatia",9800001016,3,6,6,2,12230.82,Basic,2026-06-07,1,88.48
1017,"Raj Gupta",9800001017,46,0,2,19,51383.22,Platinum,2022-11-07,0,3.18
1018,"Diya Gupta",9800001018,41,1,2,25,49860.38,Platinum,2023-04-07,0,8.37
1019,"Anita Verma",9800001019,3,4,7,5,9385.47,Basic,2026-06-07,1,82.64
1020,"Sunita Desai",9800001020,8,4,8,3,10324.76,Basic,2026-01-07,1,87.48
